ID,Text Sample,Contains Racial Undertone,Bias Type,Classification Type,Source
1,Shut up you idiot,No,Offensive Language,Biased,Synthetic
2,Shut up you idiot,No,Offensive Language,Biased,Synthetic
3,You are useless and stupid,No,Offensive Language,Biased,Synthetic
4,You are useless and stupid,No,Offensive Language,Biased,Synthetic
5,Shut up you idiot,No,Offensive Language,Biased,Synthetic
6,You are useless and stupid,No,Offensive Language,Biased,Synthetic
7,That's a dumb thing to say,No,Offensive Language,Biased,Synthetic
8,Shut up you idiot,No,Offensive Language,Biased,Synthetic
9,That's a dumb thing to say,No,Offensive Language,Biased,Synthetic
10,Shut up you idiot,No,Offensive Language,Biased,Synthetic
11,You are useless and stupid,No,Offensive Language,Biased,Synthetic
12,Shut up you idiot,No,Offensive Language,Biased,Synthetic
13,Shut up you idiot,No,Offensive Language,Biased,Synthetic
14,You are useless and stupid,No,Offensive Language,Biased,Synthetic
15,That's a dumb thing to say,No,Offensive Language,Biased,Synthetic
16,Shut up you idiot,No,Offensive Language,Biased,Synthetic
17,Shut up you idiot,No,Offensive Language,Biased,Synthetic
18,Shut up you idiot,No,Offensive Language,Biased,Synthetic
19,Shut up you idiot,No,Offensive Language,Biased,Synthetic
20,Shut up you idiot,No,Offensive Language,Biased,Synthetic
21,That's a dumb thing to say,No,Offensive Language,Biased,Synthetic
22,Shut up you idiot,No,Offensive Language,Biased,Synthetic
23,Shut up you idiot,No,Offensive Language,Biased,Synthetic
24,Shut up you idiot,No,Offensive Language,Biased,Synthetic
25,You are useless and stupid,No,Offensive Language,Biased,Synthetic
26,You are useless and stupid,No,Offensive Language,Biased,Synthetic
27,You are useless and stupid,No,Offensive Language,Biased,Synthetic
28,You are useless and stupid,No,Offensive Language,Biased,Synthetic
29,That's a dumb thing to say,No,Offensive Language,Biased,Synthetic
30,That's a dumb thing to say,No,Offensive Language,Biased,Synthetic
31,You are useless and stupid,No,Offensive Language,Biased,Synthetic
32,You are useless and stupid,No,Offensive Language,Biased,Synthetic
33,You are useless and stupid,No,Offensive Language,Biased,Synthetic
34,That's a dumb thing to say,No,Offensive Language,Biased,Synthetic
35,You are useless and stupid,No,Offensive Language,Biased,Synthetic
36,Shut up you idiot,No,Offensive Language,Biased,Synthetic
37,Shut up you idiot,No,Offensive Language,Biased,Synthetic
38,That's a dumb thing to say,No,Offensive Language,Biased,Synthetic
39,Shut up you idiot,No,Offensive Language,Biased,Synthetic
40,That's a dumb thing to say,No,Offensive Language,Biased,Synthetic
41,That's a dumb thing to say,No,Offensive Language,Biased,Synthetic
42,Shut up you idiot,No,Offensive Language,Biased,Synthetic
43,That's a dumb thing to say,No,Offensive Language,Biased,Synthetic
44,That's a dumb thing to say,No,Offensive Language,Biased,Synthetic
45,You are useless and stupid,No,Offensive Language,Biased,Synthetic
46,That's a dumb thing to say,No,Offensive Language,Biased,Synthetic
47,That's a dumb thing to say,No,Offensive Language,Biased,Synthetic
48,That's a dumb thing to say,No,Offensive Language,Biased,Synthetic
49,Shut up you idiot,No,Offensive Language,Biased,Synthetic
50,That's a dumb thing to say,No,Offensive Language,Biased,Synthetic
51,Shut up you idiot,No,Offensive Language,Biased,Synthetic
52,That's a dumb thing to say,No,Offensive Language,Biased,Synthetic
53,You are useless and stupid,No,Offensive Language,Biased,Synthetic
54,Shut up you idiot,No,Offensive Language,Biased,Synthetic
55,You are useless and stupid,No,Offensive Language,Biased,Synthetic
56,That's a dumb thing to say,No,Offensive Language,Biased,Synthetic
57,Shut up you idiot,No,Offensive Language,Biased,Synthetic
58,Shut up you idiot,No,Offensive Language,Biased,Synthetic
59,You are useless and stupid,No,Offensive Language,Biased,Synthetic
60,That's a dumb thing to say,No,Offensive Language,Biased,Synthetic
61,You are useless and stupid,No,Offensive Language,Biased,Synthetic
62,That's a dumb thing to say,No,Offensive Language,Biased,Synthetic
63,That's a dumb thing to say,No,Offensive Language,Biased,Synthetic
64,You are useless and stupid,No,Offensive Language,Biased,Synthetic
65,Shut up you idiot,No,Offensive Language,Biased,Synthetic
66,That's a dumb thing to say,No,Offensive Language,Biased,Synthetic
67,That's a dumb thing to say,No,Offensive Language,Biased,Synthetic
68,You are useless and stupid,No,Offensive Language,Biased,Synthetic
69,You are useless and stupid,No,Offensive Language,Biased,Synthetic
70,Shut up you idiot,No,Offensive Language,Biased,Synthetic
71,Shut up you idiot,No,Offensive Language,Biased,Synthetic
72,Shut up you idiot,No,Offensive Language,Biased,Synthetic
73,Shut up you idiot,No,Offensive Language,Biased,Synthetic
74,That's a dumb thing to say,No,Offensive Language,Biased,Synthetic
75,You are useless and stupid,No,Offensive Language,Biased,Synthetic
76,That's a dumb thing to say,No,Offensive Language,Biased,Synthetic
77,You are useless and stupid,No,Offensive Language,Biased,Synthetic
78,You are useless and stupid,No,Offensive Language,Biased,Synthetic
79,Shut up you idiot,No,Offensive Language,Biased,Synthetic
80,Shut up you idiot,No,Offensive Language,Biased,Synthetic
81,You are useless and stupid,No,Offensive Language,Biased,Synthetic
82,That's a dumb thing to say,No,Offensive Language,Biased,Synthetic
83,That's a dumb thing to say,No,Offensive Language,Biased,Synthetic
84,You are useless and stupid,No,Offensive Language,Biased,Synthetic
85,You are useless and stupid,No,Offensive Language,Biased,Synthetic
86,That's a dumb thing to say,No,Offensive Language,Biased,Synthetic
87,Shut up you idiot,No,Offensive Language,Biased,Synthetic
88,That's a dumb thing to say,No,Offensive Language,Biased,Synthetic
89,That's a dumb thing to say,No,Offensive Language,Biased,Synthetic
90,Shut up you idiot,No,Offensive Language,Biased,Synthetic
91,That's a dumb thing to say,No,Offensive Language,Biased,Synthetic
92,You are useless and stupid,No,Offensive Language,Biased,Synthetic
93,That's a dumb thing to say,No,Offensive Language,Biased,Synthetic
94,You are useless and stupid,No,Offensive Language,Biased,Synthetic
95,Shut up you idiot,No,Offensive Language,Biased,Synthetic
96,Shut up you idiot,No,Offensive Language,Biased,Synthetic
97,You are useless and stupid,No,Offensive Language,Biased,Synthetic
98,That's a dumb thing to say,No,Offensive Language,Biased,Synthetic
99,That's a dumb thing to say,No,Offensive Language,Biased,Synthetic
100,Shut up you idiot,No,Offensive Language,Biased,Synthetic
101,That's a dumb thing to say,No,Offensive Language,Biased,Synthetic
102,You are useless and stupid,No,Offensive Language,Biased,Synthetic
103,You are useless and stupid,No,Offensive Language,Biased,Synthetic
104,You are useless and stupid,No,Offensive Language,Biased,Synthetic
105,You are useless and stupid,No,Offensive Language,Biased,Synthetic
106,That's a dumb thing to say,No,Offensive Language,Biased,Synthetic
107,That's a dumb thing to say,No,Offensive Language,Biased,Synthetic
108,Shut up you idiot,No,Offensive Language,Biased,Synthetic
109,That's a dumb thing to say,No,Offensive Language,Biased,Synthetic
110,That's a dumb thing to say,No,Offensive Language,Biased,Synthetic
111,That's a dumb thing to say,No,Offensive Language,Biased,Synthetic
112,You are useless and stupid,No,Offensive Language,Biased,Synthetic
113,Shut up you idiot,No,Offensive Language,Biased,Synthetic
114,Shut up you idiot,No,Offensive Language,Biased,Synthetic
115,That's a dumb thing to say,No,Offensive Language,Biased,Synthetic
116,That's a dumb thing to say,No,Offensive Language,Biased,Synthetic
117,That's a dumb thing to say,No,Offensive Language,Biased,Synthetic
118,That's a dumb thing to say,No,Offensive Language,Biased,Synthetic
119,Shut up you idiot,No,Offensive Language,Biased,Synthetic
120,You are useless and stupid,No,Offensive Language,Biased,Synthetic
121,That's a dumb thing to say,No,Offensive Language,Biased,Synthetic
122,You are useless and stupid,No,Offensive Language,Biased,Synthetic
123,You are useless and stupid,No,Offensive Language,Biased,Synthetic
124,Shut up you idiot,No,Offensive Language,Biased,Synthetic
125,Shut up you idiot,No,Offensive Language,Biased,Synthetic
126,You are useless and stupid,No,Offensive Language,Biased,Synthetic
127,Shut up you idiot,No,Offensive Language,Biased,Synthetic
128,Shut up you idiot,No,Offensive Language,Biased,Synthetic
129,That's a dumb thing to say,No,Offensive Language,Biased,Synthetic
130,Shut up you idiot,No,Offensive Language,Biased,Synthetic
131,You are useless and stupid,No,Offensive Language,Biased,Synthetic
132,That's a dumb thing to say,No,Offensive Language,Biased,Synthetic
133,You are useless and stupid,No,Offensive Language,Biased,Synthetic
134,You are useless and stupid,No,Offensive Language,Biased,Synthetic
135,You are useless and stupid,No,Offensive Language,Biased,Synthetic
136,You are useless and stupid,No,Offensive Language,Biased,Synthetic
137,That's a dumb thing to say,No,Offensive Language,Biased,Synthetic
138,Shut up you idiot,No,Offensive Language,Biased,Synthetic
139,You are useless and stupid,No,Offensive Language,Biased,Synthetic
140,Shut up you idiot,No,Offensive Language,Biased,Synthetic
141,Shut up you idiot,No,Offensive Language,Biased,Synthetic
142,That's a dumb thing to say,No,Offensive Language,Biased,Synthetic
143,Shut up you idiot,No,Offensive Language,Biased,Synthetic
144,Shut up you idiot,No,Offensive Language,Biased,Synthetic
145,Shut up you idiot,No,Offensive Language,Biased,Synthetic
146,That's a dumb thing to say,No,Offensive Language,Biased,Synthetic
147,Shut up you idiot,No,Offensive Language,Biased,Synthetic
148,Shut up you idiot,No,Offensive Language,Biased,Synthetic
149,Shut up you idiot,No,Offensive Language,Biased,Synthetic
150,Shut up you idiot,No,Offensive Language,Biased,Synthetic
151,Shut up you idiot,No,Offensive Language,Biased,Synthetic
152,Shut up you idiot,No,Offensive Language,Biased,Synthetic
153,You are useless and stupid,No,Offensive Language,Biased,Synthetic
154,You are useless and stupid,No,Offensive Language,Biased,Synthetic
155,Shut up you idiot,No,Offensive Language,Biased,Synthetic
156,Shut up you idiot,No,Offensive Language,Biased,Synthetic
157,You are useless and stupid,No,Offensive Language,Biased,Synthetic
158,That's a dumb thing to say,No,Offensive Language,Biased,Synthetic
159,Shut up you idiot,No,Offensive Language,Biased,Synthetic
160,Shut up you idiot,No,Offensive Language,Biased,Synthetic
161,Shut up you idiot,No,Offensive Language,Biased,Synthetic
162,You are useless and stupid,No,Offensive Language,Biased,Synthetic
163,That's a dumb thing to say,No,Offensive Language,Biased,Synthetic
164,You are useless and stupid,No,Offensive Language,Biased,Synthetic
165,That's a dumb thing to say,No,Offensive Language,Biased,Synthetic
166,That's a dumb thing to say,No,Offensive Language,Biased,Synthetic
167,You are useless and stupid,No,Offensive Language,Biased,Synthetic
168,Shut up you idiot,No,Offensive Language,Biased,Synthetic
169,Shut up you idiot,No,Offensive Language,Biased,Synthetic
170,Shut up you idiot,No,Offensive Language,Biased,Synthetic
171,You are useless and stupid,No,Offensive Language,Biased,Synthetic
172,Shut up you idiot,No,Offensive Language,Biased,Synthetic
173,Shut up you idiot,No,Offensive Language,Biased,Synthetic
174,Shut up you idiot,No,Offensive Language,Biased,Synthetic
175,You are useless and stupid,No,Offensive Language,Biased,Synthetic
176,You are useless and stupid,No,Offensive Language,Biased,Synthetic
177,Shut up you idiot,No,Offensive Language,Biased,Synthetic
178,You are useless and stupid,No,Offensive Language,Biased,Synthetic
179,You are useless and stupid,No,Offensive Language,Biased,Synthetic
180,That's a dumb thing to say,No,Offensive Language,Biased,Synthetic
181,Shut up you idiot,No,Offensive Language,Biased,Synthetic
182,Shut up you idiot,No,Offensive Language,Biased,Synthetic
183,That's a dumb thing to say,No,Offensive Language,Biased,Synthetic
184,Shut up you idiot,No,Offensive Language,Biased,Synthetic
185,Shut up you idiot,No,Offensive Language,Biased,Synthetic
186,That's a dumb thing to say,No,Offensive Language,Biased,Synthetic
187,Shut up you idiot,No,Offensive Language,Biased,Synthetic
188,You are useless and stupid,No,Offensive Language,Biased,Synthetic
189,You are useless and stupid,No,Offensive Language,Biased,Synthetic
190,You are useless and stupid,No,Offensive Language,Biased,Synthetic
191,You are useless and stupid,No,Offensive Language,Biased,Synthetic
192,Shut up you idiot,No,Offensive Language,Biased,Synthetic
193,Shut up you idiot,No,Offensive Language,Biased,Synthetic
194,You are useless and stupid,No,Offensive Language,Biased,Synthetic
195,You are useless and stupid,No,Offensive Language,Biased,Synthetic
196,That's a dumb thing to say,No,Offensive Language,Biased,Synthetic
197,You are useless and stupid,No,Offensive Language,Biased,Synthetic
198,You are useless and stupid,No,Offensive Language,Biased,Synthetic
199,Shut up you idiot,No,Offensive Language,Biased,Synthetic
200,Shut up you idiot,No,Offensive Language,Biased,Synthetic
201,That's a dumb thing to say,No,Offensive Language,Biased,Synthetic
202,You are useless and stupid,No,Offensive Language,Biased,Synthetic
203,That's a dumb thing to say,No,Offensive Language,Biased,Synthetic
204,You are useless and stupid,No,Offensive Language,Biased,Synthetic
205,You are useless and stupid,No,Offensive Language,Biased,Synthetic
206,Shut up you idiot,No,Offensive Language,Biased,Synthetic
207,Shut up you idiot,No,Offensive Language,Biased,Synthetic
208,That's a dumb thing to say,No,Offensive Language,Biased,Synthetic
209,Shut up you idiot,No,Offensive Language,Biased,Synthetic
210,You are useless and stupid,No,Offensive Language,Biased,Synthetic
211,Shut up you idiot,No,Offensive Language,Biased,Synthetic
212,That's a dumb thing to say,No,Offensive Language,Biased,Synthetic
213,You are useless and stupid,No,Offensive Language,Biased,Synthetic
214,You are useless and stupid,No,Offensive Language,Biased,Synthetic
215,Shut up you idiot,No,Offensive Language,Biased,Synthetic
216,Shut up you idiot,No,Offensive Language,Biased,Synthetic
217,That's a dumb thing to say,No,Offensive Language,Biased,Synthetic
218,Shut up you idiot,No,Offensive Language,Biased,Synthetic
219,Shut up you idiot,No,Offensive Language,Biased,Synthetic
220,Shut up you idiot,No,Offensive Language,Biased,Synthetic
221,That's a dumb thing to say,No,Offensive Language,Biased,Synthetic
222,That's a dumb thing to say,No,Offensive Language,Biased,Synthetic
223,That's a dumb thing to say,No,Offensive Language,Biased,Synthetic
224,Shut up you idiot,No,Offensive Language,Biased,Synthetic
225,That's a dumb thing to say,No,Offensive Language,Biased,Synthetic
226,Shut up you idiot,No,Offensive Language,Biased,Synthetic
227,You are useless and stupid,No,Offensive Language,Biased,Synthetic
228,You are useless and stupid,No,Offensive Language,Biased,Synthetic
229,You are useless and stupid,No,Offensive Language,Biased,Synthetic
230,You are useless and stupid,No,Offensive Language,Biased,Synthetic
231,Shut up you idiot,No,Offensive Language,Biased,Synthetic
232,Shut up you idiot,No,Offensive Language,Biased,Synthetic
233,That's a dumb thing to say,No,Offensive Language,Biased,Synthetic
234,That's a dumb thing to say,No,Offensive Language,Biased,Synthetic
235,You are useless and stupid,No,Offensive Language,Biased,Synthetic
236,Shut up you idiot,No,Offensive Language,Biased,Synthetic
237,You are useless and stupid,No,Offensive Language,Biased,Synthetic
238,That's a dumb thing to say,No,Offensive Language,Biased,Synthetic
239,That's a dumb thing to say,No,Offensive Language,Biased,Synthetic
240,That's a dumb thing to say,No,Offensive Language,Biased,Synthetic
241,That's a dumb thing to say,No,Offensive Language,Biased,Synthetic
242,Shut up you idiot,No,Offensive Language,Biased,Synthetic
243,Shut up you idiot,No,Offensive Language,Biased,Synthetic
244,You are useless and stupid,No,Offensive Language,Biased,Synthetic
245,That's a dumb thing to say,No,Offensive Language,Biased,Synthetic
246,That's a dumb thing to say,No,Offensive Language,Biased,Synthetic
247,That's a dumb thing to say,No,Offensive Language,Biased,Synthetic
248,That's a dumb thing to say,No,Offensive Language,Biased,Synthetic
249,Shut up you idiot,No,Offensive Language,Biased,Synthetic
250,Shut up you idiot,No,Offensive Language,Biased,Synthetic
251,You are useless and stupid,No,Offensive Language,Biased,Synthetic
252,You are useless and stupid,No,Offensive Language,Biased,Synthetic
253,Shut up you idiot,No,Offensive Language,Biased,Synthetic
254,You are useless and stupid,No,Offensive Language,Biased,Synthetic
255,You are useless and stupid,No,Offensive Language,Biased,Synthetic
256,That's a dumb thing to say,No,Offensive Language,Biased,Synthetic
257,That's a dumb thing to say,No,Offensive Language,Biased,Synthetic
258,That's a dumb thing to say,No,Offensive Language,Biased,Synthetic
259,You are useless and stupid,No,Offensive Language,Biased,Synthetic
260,You are useless and stupid,No,Offensive Language,Biased,Synthetic
261,That's a dumb thing to say,No,Offensive Language,Biased,Synthetic
262,Shut up you idiot,No,Offensive Language,Biased,Synthetic
263,That's a dumb thing to say,No,Offensive Language,Biased,Synthetic
264,That's a dumb thing to say,No,Offensive Language,Biased,Synthetic
265,That's a dumb thing to say,No,Offensive Language,Biased,Synthetic
266,That's a dumb thing to say,No,Offensive Language,Biased,Synthetic
267,You are useless and stupid,No,Offensive Language,Biased,Synthetic
268,Shut up you idiot,No,Offensive Language,Biased,Synthetic
269,Shut up you idiot,No,Offensive Language,Biased,Synthetic
270,That's a dumb thing to say,No,Offensive Language,Biased,Synthetic
271,You are useless and stupid,No,Offensive Language,Biased,Synthetic
272,Shut up you idiot,No,Offensive Language,Biased,Synthetic
273,You are useless and stupid,No,Offensive Language,Biased,Synthetic
274,Shut up you idiot,No,Offensive Language,Biased,Synthetic
275,You are useless and stupid,No,Offensive Language,Biased,Synthetic
276,You are useless and stupid,No,Offensive Language,Biased,Synthetic
277,You are useless and stupid,No,Offensive Language,Biased,Synthetic
278,You are useless and stupid,No,Offensive Language,Biased,Synthetic
279,Shut up you idiot,No,Offensive Language,Biased,Synthetic
280,You are useless and stupid,No,Offensive Language,Biased,Synthetic
281,You are useless and stupid,No,Offensive Language,Biased,Synthetic
282,That's a dumb thing to say,No,Offensive Language,Biased,Synthetic
283,That's a dumb thing to say,No,Offensive Language,Biased,Synthetic
284,That's a dumb thing to say,No,Offensive Language,Biased,Synthetic
285,That's a dumb thing to say,No,Offensive Language,Biased,Synthetic
286,Shut up you idiot,No,Offensive Language,Biased,Synthetic
287,You are useless and stupid,No,Offensive Language,Biased,Synthetic
288,You are useless and stupid,No,Offensive Language,Biased,Synthetic
289,Shut up you idiot,No,Offensive Language,Biased,Synthetic
290,You are useless and stupid,No,Offensive Language,Biased,Synthetic
291,Shut up you idiot,No,Offensive Language,Biased,Synthetic
292,That's a dumb thing to say,No,Offensive Language,Biased,Synthetic
293,You are useless and stupid,No,Offensive Language,Biased,Synthetic
294,That's a dumb thing to say,No,Offensive Language,Biased,Synthetic
295,Shut up you idiot,No,Offensive Language,Biased,Synthetic
296,That's a dumb thing to say,No,Offensive Language,Biased,Synthetic
297,You are useless and stupid,No,Offensive Language,Biased,Synthetic
298,Shut up you idiot,No,Offensive Language,Biased,Synthetic
299,You are useless and stupid,No,Offensive Language,Biased,Synthetic
300,You are useless and stupid,No,Offensive Language,Biased,Synthetic
301,That's a dumb thing to say,No,Offensive Language,Biased,Synthetic
302,Shut up you idiot,No,Offensive Language,Biased,Synthetic
303,You are useless and stupid,No,Offensive Language,Biased,Synthetic
304,You are useless and stupid,No,Offensive Language,Biased,Synthetic
305,Shut up you idiot,No,Offensive Language,Biased,Synthetic
306,Shut up you idiot,No,Offensive Language,Biased,Synthetic
307,That's a dumb thing to say,No,Offensive Language,Biased,Synthetic
308,Shut up you idiot,No,Offensive Language,Biased,Synthetic
309,That's a dumb thing to say,No,Offensive Language,Biased,Synthetic
310,That's a dumb thing to say,No,Offensive Language,Biased,Synthetic
311,That's a dumb thing to say,No,Offensive Language,Biased,Synthetic
312,Shut up you idiot,No,Offensive Language,Biased,Synthetic
313,That's a dumb thing to say,No,Offensive Language,Biased,Synthetic
314,That's a dumb thing to say,No,Offensive Language,Biased,Synthetic
315,You are useless and stupid,No,Offensive Language,Biased,Synthetic
316,That's a dumb thing to say,No,Offensive Language,Biased,Synthetic
317,Shut up you idiot,No,Offensive Language,Biased,Synthetic
318,That's a dumb thing to say,No,Offensive Language,Biased,Synthetic
319,Shut up you idiot,No,Offensive Language,Biased,Synthetic
320,You are useless and stupid,No,Offensive Language,Biased,Synthetic
321,That's a dumb thing to say,No,Offensive Language,Biased,Synthetic
322,That's a dumb thing to say,No,Offensive Language,Biased,Synthetic
323,Shut up you idiot,No,Offensive Language,Biased,Synthetic
324,You are useless and stupid,No,Offensive Language,Biased,Synthetic
325,You are useless and stupid,No,Offensive Language,Biased,Synthetic
326,That's a dumb thing to say,No,Offensive Language,Biased,Synthetic
327,You are useless and stupid,No,Offensive Language,Biased,Synthetic
328,You are useless and stupid,No,Offensive Language,Biased,Synthetic
329,You are useless and stupid,No,Offensive Language,Biased,Synthetic
330,That's a dumb thing to say,No,Offensive Language,Biased,Synthetic
331,Shut up you idiot,No,Offensive Language,Biased,Synthetic
332,That's a dumb thing to say,No,Offensive Language,Biased,Synthetic
333,Shut up you idiot,No,Offensive Language,Biased,Synthetic
334,You are useless and stupid,No,Offensive Language,Biased,Synthetic
335,Shut up you idiot,No,Offensive Language,Biased,Synthetic
336,Shut up you idiot,No,Offensive Language,Biased,Synthetic
337,That's a dumb thing to say,No,Offensive Language,Biased,Synthetic
338,Shut up you idiot,No,Offensive Language,Biased,Synthetic
339,That's a dumb thing to say,No,Offensive Language,Biased,Synthetic
340,You are useless and stupid,No,Offensive Language,Biased,Synthetic
341,You are useless and stupid,No,Offensive Language,Biased,Synthetic
342,That's a dumb thing to say,No,Offensive Language,Biased,Synthetic
343,Shut up you idiot,No,Offensive Language,Biased,Synthetic
344,Shut up you idiot,No,Offensive Language,Biased,Synthetic
345,That's a dumb thing to say,No,Offensive Language,Biased,Synthetic
346,You are useless and stupid,No,Offensive Language,Biased,Synthetic
347,That's a dumb thing to say,No,Offensive Language,Biased,Synthetic
348,Shut up you idiot,No,Offensive Language,Biased,Synthetic
349,That's a dumb thing to say,No,Offensive Language,Biased,Synthetic
350,That's a dumb thing to say,No,Offensive Language,Biased,Synthetic
351,Where are you really from,No,Microaggression,Biased,Synthetic
352,You speak good English,No,Microaggression,Biased,Synthetic
353,Where are you really from,No,Microaggression,Biased,Synthetic
354,Where are you really from,No,Microaggression,Biased,Synthetic
355,You don't look like an engineer,No,Microaggression,Biased,Synthetic
356,You don't look like an engineer,No,Microaggression,Biased,Synthetic
357,Where are you really from,No,Microaggression,Biased,Synthetic
358,You don't look like an engineer,No,Microaggression,Biased,Synthetic
359,You speak good English,No,Microaggression,Biased,Synthetic
360,Where are you really from,No,Microaggression,Biased,Synthetic
361,You speak good English,No,Microaggression,Biased,Synthetic
362,You don't look like an engineer,No,Microaggression,Biased,Synthetic
363,Where are you really from,No,Microaggression,Biased,Synthetic
364,You speak good English,No,Microaggression,Biased,Synthetic
365,You don't look like an engineer,No,Microaggression,Biased,Synthetic
366,You don't look like an engineer,No,Microaggression,Biased,Synthetic
367,You don't look like an engineer,No,Microaggression,Biased,Synthetic
368,Where are you really from,No,Microaggression,Biased,Synthetic
369,You speak good English,No,Microaggression,Biased,Synthetic
370,You don't look like an engineer,No,Microaggression,Biased,Synthetic
371,You speak good English,No,Microaggression,Biased,Synthetic
372,You don't look like an engineer,No,Microaggression,Biased,Synthetic
373,You don't look like an engineer,No,Microaggression,Biased,Synthetic
374,You speak good English,No,Microaggression,Biased,Synthetic
375,You speak good English,No,Microaggression,Biased,Synthetic
376,You don't look like an engineer,No,Microaggression,Biased,Synthetic
377,You speak good English,No,Microaggression,Biased,Synthetic
378,Where are you really from,No,Microaggression,Biased,Synthetic
379,You don't look like an engineer,No,Microaggression,Biased,Synthetic
380,You don't look like an engineer,No,Microaggression,Biased,Synthetic
381,You don't look like an engineer,No,Microaggression,Biased,Synthetic
382,Where are you really from,No,Microaggression,Biased,Synthetic
383,You don't look like an engineer,No,Microaggression,Biased,Synthetic
384,You speak good English,No,Microaggression,Biased,Synthetic
385,Where are you really from,No,Microaggression,Biased,Synthetic
386,You speak good English,No,Microaggression,Biased,Synthetic
387,You don't look like an engineer,No,Microaggression,Biased,Synthetic
388,You speak good English,No,Microaggression,Biased,Synthetic
389,You don't look like an engineer,No,Microaggression,Biased,Synthetic
390,Where are you really from,No,Microaggression,Biased,Synthetic
391,Where are you really from,No,Microaggression,Biased,Synthetic
392,Where are you really from,No,Microaggression,Biased,Synthetic
393,You speak good English,No,Microaggression,Biased,Synthetic
394,You don't look like an engineer,No,Microaggression,Biased,Synthetic
395,Where are you really from,No,Microaggression,Biased,Synthetic
396,You speak good English,No,Microaggression,Biased,Synthetic
397,You don't look like an engineer,No,Microaggression,Biased,Synthetic
398,You speak good English,No,Microaggression,Biased,Synthetic
399,You don't look like an engineer,No,Microaggression,Biased,Synthetic
400,You don't look like an engineer,No,Microaggression,Biased,Synthetic
401,You speak good English,No,Microaggression,Biased,Synthetic
402,Where are you really from,No,Microaggression,Biased,Synthetic
403,You speak good English,No,Microaggression,Biased,Synthetic
404,Where are you really from,No,Microaggression,Biased,Synthetic
405,You don't look like an engineer,No,Microaggression,Biased,Synthetic
406,You don't look like an engineer,No,Microaggression,Biased,Synthetic
407,You speak good English,No,Microaggression,Biased,Synthetic
408,Where are you really from,No,Microaggression,Biased,Synthetic
409,Where are you really from,No,Microaggression,Biased,Synthetic
410,Where are you really from,No,Microaggression,Biased,Synthetic
411,You speak good English,No,Microaggression,Biased,Synthetic
412,You speak good English,No,Microaggression,Biased,Synthetic
413,You don't look like an engineer,No,Microaggression,Biased,Synthetic
414,You don't look like an engineer,No,Microaggression,Biased,Synthetic
415,You speak good English,No,Microaggression,Biased,Synthetic
416,You don't look like an engineer,No,Microaggression,Biased,Synthetic
417,You don't look like an engineer,No,Microaggression,Biased,Synthetic
418,Where are you really from,No,Microaggression,Biased,Synthetic
419,You don't look like an engineer,No,Microaggression,Biased,Synthetic
420,You don't look like an engineer,No,Microaggression,Biased,Synthetic
421,You speak good English,No,Microaggression,Biased,Synthetic
422,You speak good English,No,Microaggression,Biased,Synthetic
423,You don't look like an engineer,No,Microaggression,Biased,Synthetic
424,Where are you really from,No,Microaggression,Biased,Synthetic
425,You speak good English,No,Microaggression,Biased,Synthetic
426,You speak good English,No,Microaggression,Biased,Synthetic
427,You don't look like an engineer,No,Microaggression,Biased,Synthetic
428,Where are you really from,No,Microaggression,Biased,Synthetic
429,Where are you really from,No,Microaggression,Biased,Synthetic
430,You don't look like an engineer,No,Microaggression,Biased,Synthetic
431,You don't look like an engineer,No,Microaggression,Biased,Synthetic
432,Where are you really from,No,Microaggression,Biased,Synthetic
433,You don't look like an engineer,No,Microaggression,Biased,Synthetic
434,Where are you really from,No,Microaggression,Biased,Synthetic
435,Where are you really from,No,Microaggression,Biased,Synthetic
436,Where are you really from,No,Microaggression,Biased,Synthetic
437,You don't look like an engineer,No,Microaggression,Biased,Synthetic
438,Where are you really from,No,Microaggression,Biased,Synthetic
439,You don't look like an engineer,No,Microaggression,Biased,Synthetic
440,You speak good English,No,Microaggression,Biased,Synthetic
441,You don't look like an engineer,No,Microaggression,Biased,Synthetic
442,Where are you really from,No,Microaggression,Biased,Synthetic
443,You speak good English,No,Microaggression,Biased,Synthetic
444,Where are you really from,No,Microaggression,Biased,Synthetic
445,You speak good English,No,Microaggression,Biased,Synthetic
446,You don't look like an engineer,No,Microaggression,Biased,Synthetic
447,Where are you really from,No,Microaggression,Biased,Synthetic
448,You don't look like an engineer,No,Microaggression,Biased,Synthetic
449,Where are you really from,No,Microaggression,Biased,Synthetic
450,You don't look like an engineer,No,Microaggression,Biased,Synthetic
451,Where are you really from,No,Microaggression,Biased,Synthetic
452,You don't look like an engineer,No,Microaggression,Biased,Synthetic
453,You speak good English,No,Microaggression,Biased,Synthetic
454,Where are you really from,No,Microaggression,Biased,Synthetic
455,You don't look like an engineer,No,Microaggression,Biased,Synthetic
456,You speak good English,No,Microaggression,Biased,Synthetic
457,You speak good English,No,Microaggression,Biased,Synthetic
458,Where are you really from,No,Microaggression,Biased,Synthetic
459,You speak good English,No,Microaggression,Biased,Synthetic
460,You don't look like an engineer,No,Microaggression,Biased,Synthetic
461,You don't look like an engineer,No,Microaggression,Biased,Synthetic
462,You speak good English,No,Microaggression,Biased,Synthetic
463,You don't look like an engineer,No,Microaggression,Biased,Synthetic
464,You speak good English,No,Microaggression,Biased,Synthetic
465,Where are you really from,No,Microaggression,Biased,Synthetic
466,You don't look like an engineer,No,Microaggression,Biased,Synthetic
467,Where are you really from,No,Microaggression,Biased,Synthetic
468,Where are you really from,No,Microaggression,Biased,Synthetic
469,You speak good English,No,Microaggression,Biased,Synthetic
470,Where are you really from,No,Microaggression,Biased,Synthetic
471,You speak good English,No,Microaggression,Biased,Synthetic
472,Where are you really from,No,Microaggression,Biased,Synthetic
473,You don't look like an engineer,No,Microaggression,Biased,Synthetic
474,Where are you really from,No,Microaggression,Biased,Synthetic
475,Where are you really from,No,Microaggression,Biased,Synthetic
476,Where are you really from,No,Microaggression,Biased,Synthetic
477,Where are you really from,No,Microaggression,Biased,Synthetic
478,You don't look like an engineer,No,Microaggression,Biased,Synthetic
479,You don't look like an engineer,No,Microaggression,Biased,Synthetic
480,Where are you really from,No,Microaggression,Biased,Synthetic
481,You don't look like an engineer,No,Microaggression,Biased,Synthetic
482,You don't look like an engineer,No,Microaggression,Biased,Synthetic
483,You don't look like an engineer,No,Microaggression,Biased,Synthetic
484,You don't look like an engineer,No,Microaggression,Biased,Synthetic
485,Where are you really from,No,Microaggression,Biased,Synthetic
486,You speak good English,No,Microaggression,Biased,Synthetic
487,You don't look like an engineer,No,Microaggression,Biased,Synthetic
488,Where are you really from,No,Microaggression,Biased,Synthetic
489,Where are you really from,No,Microaggression,Biased,Synthetic
490,You don't look like an engineer,No,Microaggression,Biased,Synthetic
491,You don't look like an engineer,No,Microaggression,Biased,Synthetic
492,You don't look like an engineer,No,Microaggression,Biased,Synthetic
493,You speak good English,No,Microaggression,Biased,Synthetic
494,You don't look like an engineer,No,Microaggression,Biased,Synthetic
495,You speak good English,No,Microaggression,Biased,Synthetic
496,You don't look like an engineer,No,Microaggression,Biased,Synthetic
497,You don't look like an engineer,No,Microaggression,Biased,Synthetic
498,You don't look like an engineer,No,Microaggression,Biased,Synthetic
499,You don't look like an engineer,No,Microaggression,Biased,Synthetic
500,Where are you really from,No,Microaggression,Biased,Synthetic
501,You speak good English,No,Microaggression,Biased,Synthetic
502,You speak good English,No,Microaggression,Biased,Synthetic
503,You speak good English,No,Microaggression,Biased,Synthetic
504,You speak good English,No,Microaggression,Biased,Synthetic
505,You speak good English,No,Microaggression,Biased,Synthetic
506,You speak good English,No,Microaggression,Biased,Synthetic
507,You speak good English,No,Microaggression,Biased,Synthetic
508,Where are you really from,No,Microaggression,Biased,Synthetic
509,Where are you really from,No,Microaggression,Biased,Synthetic
510,You don't look like an engineer,No,Microaggression,Biased,Synthetic
511,Where are you really from,No,Microaggression,Biased,Synthetic
512,Where are you really from,No,Microaggression,Biased,Synthetic
513,Where are you really from,No,Microaggression,Biased,Synthetic
514,You don't look like an engineer,No,Microaggression,Biased,Synthetic
515,You don't look like an engineer,No,Microaggression,Biased,Synthetic
516,You speak good English,No,Microaggression,Biased,Synthetic
517,You don't look like an engineer,No,Microaggression,Biased,Synthetic
518,You speak good English,No,Microaggression,Biased,Synthetic
519,You don't look like an engineer,No,Microaggression,Biased,Synthetic
520,You don't look like an engineer,No,Microaggression,Biased,Synthetic
521,You speak good English,No,Microaggression,Biased,Synthetic
522,Where are you really from,No,Microaggression,Biased,Synthetic
523,Where are you really from,No,Microaggression,Biased,Synthetic
524,You speak good English,No,Microaggression,Biased,Synthetic
525,Where are you really from,No,Microaggression,Biased,Synthetic
526,You speak good English,No,Microaggression,Biased,Synthetic
527,You don't look like an engineer,No,Microaggression,Biased,Synthetic
528,You speak good English,No,Microaggression,Biased,Synthetic
529,You don't look like an engineer,No,Microaggression,Biased,Synthetic
530,You don't look like an engineer,No,Microaggression,Biased,Synthetic
531,Where are you really from,No,Microaggression,Biased,Synthetic
532,Where are you really from,No,Microaggression,Biased,Synthetic
533,You don't look like an engineer,No,Microaggression,Biased,Synthetic
534,Where are you really from,No,Microaggression,Biased,Synthetic
535,Where are you really from,No,Microaggression,Biased,Synthetic
536,You don't look like an engineer,No,Microaggression,Biased,Synthetic
537,Where are you really from,No,Microaggression,Biased,Synthetic
538,You don't look like an engineer,No,Microaggression,Biased,Synthetic
539,Where are you really from,No,Microaggression,Biased,Synthetic
540,You speak good English,No,Microaggression,Biased,Synthetic
541,Where are you really from,No,Microaggression,Biased,Synthetic
542,You speak good English,No,Microaggression,Biased,Synthetic
543,You don't look like an engineer,No,Microaggression,Biased,Synthetic
544,You speak good English,No,Microaggression,Biased,Synthetic
545,Where are you really from,No,Microaggression,Biased,Synthetic
546,You speak good English,No,Microaggression,Biased,Synthetic
547,Where are you really from,No,Microaggression,Biased,Synthetic
548,Where are you really from,No,Microaggression,Biased,Synthetic
549,Where are you really from,No,Microaggression,Biased,Synthetic
550,You speak good English,No,Microaggression,Biased,Synthetic
551,You don't look like an engineer,No,Microaggression,Biased,Synthetic
552,Where are you really from,No,Microaggression,Biased,Synthetic
553,Where are you really from,No,Microaggression,Biased,Synthetic
554,Where are you really from,No,Microaggression,Biased,Synthetic
555,Where are you really from,No,Microaggression,Biased,Synthetic
556,You speak good English,No,Microaggression,Biased,Synthetic
557,You speak good English,No,Microaggression,Biased,Synthetic
558,Where are you really from,No,Microaggression,Biased,Synthetic
559,You speak good English,No,Microaggression,Biased,Synthetic
560,You speak good English,No,Microaggression,Biased,Synthetic
561,You speak good English,No,Microaggression,Biased,Synthetic
562,You don't look like an engineer,No,Microaggression,Biased,Synthetic
563,Where are you really from,No,Microaggression,Biased,Synthetic
564,You speak good English,No,Microaggression,Biased,Synthetic
565,You speak good English,No,Microaggression,Biased,Synthetic
566,You speak good English,No,Microaggression,Biased,Synthetic
567,You don't look like an engineer,No,Microaggression,Biased,Synthetic
568,Where are you really from,No,Microaggression,Biased,Synthetic
569,You don't look like an engineer,No,Microaggression,Biased,Synthetic
570,Where are you really from,No,Microaggression,Biased,Synthetic
571,Where are you really from,No,Microaggression,Biased,Synthetic
572,You don't look like an engineer,No,Microaggression,Biased,Synthetic
573,Where are you really from,No,Microaggression,Biased,Synthetic
574,Where are you really from,No,Microaggression,Biased,Synthetic
575,You don't look like an engineer,No,Microaggression,Biased,Synthetic
576,Where are you really from,No,Microaggression,Biased,Synthetic
577,Where are you really from,No,Microaggression,Biased,Synthetic
578,You don't look like an engineer,No,Microaggression,Biased,Synthetic
579,Where are you really from,No,Microaggression,Biased,Synthetic
580,Where are you really from,No,Microaggression,Biased,Synthetic
581,Where are you really from,No,Microaggression,Biased,Synthetic
582,Where are you really from,No,Microaggression,Biased,Synthetic
583,You speak good English,No,Microaggression,Biased,Synthetic
584,Where are you really from,No,Microaggression,Biased,Synthetic
585,Where are you really from,No,Microaggression,Biased,Synthetic
586,Where are you really from,No,Microaggression,Biased,Synthetic
587,Where are you really from,No,Microaggression,Biased,Synthetic
588,You don't look like an engineer,No,Microaggression,Biased,Synthetic
589,You don't look like an engineer,No,Microaggression,Biased,Synthetic
590,You speak good English,No,Microaggression,Biased,Synthetic
591,Where are you really from,No,Microaggression,Biased,Synthetic
592,You don't look like an engineer,No,Microaggression,Biased,Synthetic
593,You don't look like an engineer,No,Microaggression,Biased,Synthetic
594,You don't look like an engineer,No,Microaggression,Biased,Synthetic
595,You don't look like an engineer,No,Microaggression,Biased,Synthetic
596,Where are you really from,No,Microaggression,Biased,Synthetic
597,Where are you really from,No,Microaggression,Biased,Synthetic
598,You speak good English,No,Microaggression,Biased,Synthetic
599,You don't look like an engineer,No,Microaggression,Biased,Synthetic
600,You speak good English,No,Microaggression,Biased,Synthetic
601,You don't look like an engineer,No,Microaggression,Biased,Synthetic
602,You don't look like an engineer,No,Microaggression,Biased,Synthetic
603,You don't look like an engineer,No,Microaggression,Biased,Synthetic
604,You don't look like an engineer,No,Microaggression,Biased,Synthetic
605,You speak good English,No,Microaggression,Biased,Synthetic
606,You don't look like an engineer,No,Microaggression,Biased,Synthetic
607,You don't look like an engineer,No,Microaggression,Biased,Synthetic
608,Where are you really from,No,Microaggression,Biased,Synthetic
609,Where are you really from,No,Microaggression,Biased,Synthetic
610,Where are you really from,No,Microaggression,Biased,Synthetic
611,You speak good English,No,Microaggression,Biased,Synthetic
612,Where are you really from,No,Microaggression,Biased,Synthetic
613,Where are you really from,No,Microaggression,Biased,Synthetic
614,Where are you really from,No,Microaggression,Biased,Synthetic
615,You speak good English,No,Microaggression,Biased,Synthetic
616,Where are you really from,No,Microaggression,Biased,Synthetic
617,You don't look like an engineer,No,Microaggression,Biased,Synthetic
618,You don't look like an engineer,No,Microaggression,Biased,Synthetic
619,Where are you really from,No,Microaggression,Biased,Synthetic
620,You speak good English,No,Microaggression,Biased,Synthetic
621,You speak good English,No,Microaggression,Biased,Synthetic
622,You speak good English,No,Microaggression,Biased,Synthetic
623,Where are you really from,No,Microaggression,Biased,Synthetic
624,Where are you really from,No,Microaggression,Biased,Synthetic
625,You don't look like an engineer,No,Microaggression,Biased,Synthetic
626,Where are you really from,No,Microaggression,Biased,Synthetic
627,You don't look like an engineer,No,Microaggression,Biased,Synthetic
628,You speak good English,No,Microaggression,Biased,Synthetic
629,You speak good English,No,Microaggression,Biased,Synthetic
630,You don't look like an engineer,No,Microaggression,Biased,Synthetic
631,You speak good English,No,Microaggression,Biased,Synthetic
632,Where are you really from,No,Microaggression,Biased,Synthetic
633,You speak good English,No,Microaggression,Biased,Synthetic
634,Where are you really from,No,Microaggression,Biased,Synthetic
635,Where are you really from,No,Microaggression,Biased,Synthetic
636,You speak good English,No,Microaggression,Biased,Synthetic
637,Where are you really from,No,Microaggression,Biased,Synthetic
638,You don't look like an engineer,No,Microaggression,Biased,Synthetic
639,Where are you really from,No,Microaggression,Biased,Synthetic
640,Where are you really from,No,Microaggression,Biased,Synthetic
641,Where are you really from,No,Microaggression,Biased,Synthetic
642,Where are you really from,No,Microaggression,Biased,Synthetic
643,You speak good English,No,Microaggression,Biased,Synthetic
644,You don't look like an engineer,No,Microaggression,Biased,Synthetic
645,You don't look like an engineer,No,Microaggression,Biased,Synthetic
646,You speak good English,No,Microaggression,Biased,Synthetic
647,You don't look like an engineer,No,Microaggression,Biased,Synthetic
648,You don't look like an engineer,No,Microaggression,Biased,Synthetic
649,You don't look like an engineer,No,Microaggression,Biased,Synthetic
650,You don't look like an engineer,No,Microaggression,Biased,Synthetic
651,You don't look like an engineer,No,Microaggression,Biased,Synthetic
652,You speak good English,No,Microaggression,Biased,Synthetic
653,Where are you really from,No,Microaggression,Biased,Synthetic
654,You don't look like an engineer,No,Microaggression,Biased,Synthetic
655,Where are you really from,No,Microaggression,Biased,Synthetic
656,You don't look like an engineer,No,Microaggression,Biased,Synthetic
657,You speak good English,No,Microaggression,Biased,Synthetic
658,Where are you really from,No,Microaggression,Biased,Synthetic
659,You don't look like an engineer,No,Microaggression,Biased,Synthetic
660,You don't look like an engineer,No,Microaggression,Biased,Synthetic
661,Where are you really from,No,Microaggression,Biased,Synthetic
662,You speak good English,No,Microaggression,Biased,Synthetic
663,You don't look like an engineer,No,Microaggression,Biased,Synthetic
664,You speak good English,No,Microaggression,Biased,Synthetic
665,You speak good English,No,Microaggression,Biased,Synthetic
666,You don't look like an engineer,No,Microaggression,Biased,Synthetic
667,You don't look like an engineer,No,Microaggression,Biased,Synthetic
668,You don't look like an engineer,No,Microaggression,Biased,Synthetic
669,You speak good English,No,Microaggression,Biased,Synthetic
670,Where are you really from,No,Microaggression,Biased,Synthetic
671,You don't look like an engineer,No,Microaggression,Biased,Synthetic
672,You don't look like an engineer,No,Microaggression,Biased,Synthetic
673,Where are you really from,No,Microaggression,Biased,Synthetic
674,Where are you really from,No,Microaggression,Biased,Synthetic
675,Where are you really from,No,Microaggression,Biased,Synthetic
676,Where are you really from,No,Microaggression,Biased,Synthetic
677,You don't look like an engineer,No,Microaggression,Biased,Synthetic
678,Where are you really from,No,Microaggression,Biased,Synthetic
679,Where are you really from,No,Microaggression,Biased,Synthetic
680,You speak good English,No,Microaggression,Biased,Synthetic
681,You don't look like an engineer,No,Microaggression,Biased,Synthetic
682,Where are you really from,No,Microaggression,Biased,Synthetic
683,Where are you really from,No,Microaggression,Biased,Synthetic
684,Where are you really from,No,Microaggression,Biased,Synthetic
685,You speak good English,No,Microaggression,Biased,Synthetic
686,You speak good English,No,Microaggression,Biased,Synthetic
687,Where are you really from,No,Microaggression,Biased,Synthetic
688,You speak good English,No,Microaggression,Biased,Synthetic
689,You don't look like an engineer,No,Microaggression,Biased,Synthetic
690,You speak good English,No,Microaggression,Biased,Synthetic
691,Where are you really from,No,Microaggression,Biased,Synthetic
692,You don't look like an engineer,No,Microaggression,Biased,Synthetic
693,You speak good English,No,Microaggression,Biased,Synthetic
694,Where are you really from,No,Microaggression,Biased,Synthetic
695,You speak good English,No,Microaggression,Biased,Synthetic
696,You speak good English,No,Microaggression,Biased,Synthetic
697,You don't look like an engineer,No,Microaggression,Biased,Synthetic
698,Where are you really from,No,Microaggression,Biased,Synthetic
699,You don't look like an engineer,No,Microaggression,Biased,Synthetic
700,You don't look like an engineer,No,Microaggression,Biased,Synthetic
701,Engineers are bad at communication,No,Stereotyping,Biased,Synthetic
702,Introverts are not leaders,No,Stereotyping,Biased,Synthetic
703,Introverts are not leaders,No,Stereotyping,Biased,Synthetic
704,Artists are irresponsible,No,Stereotyping,Biased,Synthetic
705,Engineers are bad at communication,No,Stereotyping,Biased,Synthetic
706,Introverts are not leaders,No,Stereotyping,Biased,Synthetic
707,Engineers are bad at communication,No,Stereotyping,Biased,Synthetic
708,Introverts are not leaders,No,Stereotyping,Biased,Synthetic
709,Artists are irresponsible,No,Stereotyping,Biased,Synthetic
710,Engineers are bad at communication,No,Stereotyping,Biased,Synthetic
711,Engineers are bad at communication,No,Stereotyping,Biased,Synthetic
712,Artists are irresponsible,No,Stereotyping,Biased,Synthetic
713,Engineers are bad at communication,No,Stereotyping,Biased,Synthetic
714,Artists are irresponsible,No,Stereotyping,Biased,Synthetic
715,Introverts are not leaders,No,Stereotyping,Biased,Synthetic
716,Artists are irresponsible,No,Stereotyping,Biased,Synthetic
717,Introverts are not leaders,No,Stereotyping,Biased,Synthetic
718,Introverts are not leaders,No,Stereotyping,Biased,Synthetic
719,Engineers are bad at communication,No,Stereotyping,Biased,Synthetic
720,Introverts are not leaders,No,Stereotyping,Biased,Synthetic
721,Introverts are not leaders,No,Stereotyping,Biased,Synthetic
722,Engineers are bad at communication,No,Stereotyping,Biased,Synthetic
723,Engineers are bad at communication,No,Stereotyping,Biased,Synthetic
724,Introverts are not leaders,No,Stereotyping,Biased,Synthetic
725,Artists are irresponsible,No,Stereotyping,Biased,Synthetic
726,Introverts are not leaders,No,Stereotyping,Biased,Synthetic
727,Introverts are not leaders,No,Stereotyping,Biased,Synthetic
728,Engineers are bad at communication,No,Stereotyping,Biased,Synthetic
729,Engineers are bad at communication,No,Stereotyping,Biased,Synthetic
730,Introverts are not leaders,No,Stereotyping,Biased,Synthetic
731,Introverts are not leaders,No,Stereotyping,Biased,Synthetic
732,Introverts are not leaders,No,Stereotyping,Biased,Synthetic
733,Engineers are bad at communication,No,Stereotyping,Biased,Synthetic
734,Introverts are not leaders,No,Stereotyping,Biased,Synthetic
735,Artists are irresponsible,No,Stereotyping,Biased,Synthetic
736,Artists are irresponsible,No,Stereotyping,Biased,Synthetic
737,Artists are irresponsible,No,Stereotyping,Biased,Synthetic
738,Artists are irresponsible,No,Stereotyping,Biased,Synthetic
739,Engineers are bad at communication,No,Stereotyping,Biased,Synthetic
740,Introverts are not leaders,No,Stereotyping,Biased,Synthetic
741,Artists are irresponsible,No,Stereotyping,Biased,Synthetic
742,Artists are irresponsible,No,Stereotyping,Biased,Synthetic
743,Engineers are bad at communication,No,Stereotyping,Biased,Synthetic
744,Introverts are not leaders,No,Stereotyping,Biased,Synthetic
745,Introverts are not leaders,No,Stereotyping,Biased,Synthetic
746,Engineers are bad at communication,No,Stereotyping,Biased,Synthetic
747,Engineers are bad at communication,No,Stereotyping,Biased,Synthetic
748,Artists are irresponsible,No,Stereotyping,Biased,Synthetic
749,Engineers are bad at communication,No,Stereotyping,Biased,Synthetic
750,Engineers are bad at communication,No,Stereotyping,Biased,Synthetic
751,Artists are irresponsible,No,Stereotyping,Biased,Synthetic
752,Artists are irresponsible,No,Stereotyping,Biased,Synthetic
753,Engineers are bad at communication,No,Stereotyping,Biased,Synthetic
754,Introverts are not leaders,No,Stereotyping,Biased,Synthetic
755,Artists are irresponsible,No,Stereotyping,Biased,Synthetic
756,Introverts are not leaders,No,Stereotyping,Biased,Synthetic
757,Introverts are not leaders,No,Stereotyping,Biased,Synthetic
758,Artists are irresponsible,No,Stereotyping,Biased,Synthetic
759,Introverts are not leaders,No,Stereotyping,Biased,Synthetic
760,Introverts are not leaders,No,Stereotyping,Biased,Synthetic
761,Engineers are bad at communication,No,Stereotyping,Biased,Synthetic
762,Engineers are bad at communication,No,Stereotyping,Biased,Synthetic
763,Engineers are bad at communication,No,Stereotyping,Biased,Synthetic
764,Artists are irresponsible,No,Stereotyping,Biased,Synthetic
765,Engineers are bad at communication,No,Stereotyping,Biased,Synthetic
766,Introverts are not leaders,No,Stereotyping,Biased,Synthetic
767,Introverts are not leaders,No,Stereotyping,Biased,Synthetic
768,Artists are irresponsible,No,Stereotyping,Biased,Synthetic
769,Artists are irresponsible,No,Stereotyping,Biased,Synthetic
770,Introverts are not leaders,No,Stereotyping,Biased,Synthetic
771,Introverts are not leaders,No,Stereotyping,Biased,Synthetic
772,Introverts are not leaders,No,Stereotyping,Biased,Synthetic
773,Introverts are not leaders,No,Stereotyping,Biased,Synthetic
774,Engineers are bad at communication,No,Stereotyping,Biased,Synthetic
775,Artists are irresponsible,No,Stereotyping,Biased,Synthetic
776,Engineers are bad at communication,No,Stereotyping,Biased,Synthetic
777,Artists are irresponsible,No,Stereotyping,Biased,Synthetic
778,Artists are irresponsible,No,Stereotyping,Biased,Synthetic
779,Engineers are bad at communication,No,Stereotyping,Biased,Synthetic
780,Engineers are bad at communication,No,Stereotyping,Biased,Synthetic
781,Engineers are bad at communication,No,Stereotyping,Biased,Synthetic
782,Introverts are not leaders,No,Stereotyping,Biased,Synthetic
783,Engineers are bad at communication,No,Stereotyping,Biased,Synthetic
784,Engineers are bad at communication,No,Stereotyping,Biased,Synthetic
785,Introverts are not leaders,No,Stereotyping,Biased,Synthetic
786,Artists are irresponsible,No,Stereotyping,Biased,Synthetic
787,Engineers are bad at communication,No,Stereotyping,Biased,Synthetic
788,Engineers are bad at communication,No,Stereotyping,Biased,Synthetic
789,Introverts are not leaders,No,Stereotyping,Biased,Synthetic
790,Introverts are not leaders,No,Stereotyping,Biased,Synthetic
791,Introverts are not leaders,No,Stereotyping,Biased,Synthetic
792,Artists are irresponsible,No,Stereotyping,Biased,Synthetic
793,Artists are irresponsible,No,Stereotyping,Biased,Synthetic
794,Introverts are not leaders,No,Stereotyping,Biased,Synthetic
795,Artists are irresponsible,No,Stereotyping,Biased,Synthetic
796,Introverts are not leaders,No,Stereotyping,Biased,Synthetic
797,Artists are irresponsible,No,Stereotyping,Biased,Synthetic
798,Artists are irresponsible,No,Stereotyping,Biased,Synthetic
799,Artists are irresponsible,No,Stereotyping,Biased,Synthetic
800,Artists are irresponsible,No,Stereotyping,Biased,Synthetic
801,Engineers are bad at communication,No,Stereotyping,Biased,Synthetic
802,Engineers are bad at communication,No,Stereotyping,Biased,Synthetic
803,Artists are irresponsible,No,Stereotyping,Biased,Synthetic
804,Engineers are bad at communication,No,Stereotyping,Biased,Synthetic
805,Engineers are bad at communication,No,Stereotyping,Biased,Synthetic
806,Engineers are bad at communication,No,Stereotyping,Biased,Synthetic
807,Introverts are not leaders,No,Stereotyping,Biased,Synthetic
808,Artists are irresponsible,No,Stereotyping,Biased,Synthetic
809,Artists are irresponsible,No,Stereotyping,Biased,Synthetic
810,Introverts are not leaders,No,Stereotyping,Biased,Synthetic
811,Introverts are not leaders,No,Stereotyping,Biased,Synthetic
812,Engineers are bad at communication,No,Stereotyping,Biased,Synthetic
813,Introverts are not leaders,No,Stereotyping,Biased,Synthetic
814,Artists are irresponsible,No,Stereotyping,Biased,Synthetic
815,Artists are irresponsible,No,Stereotyping,Biased,Synthetic
816,Engineers are bad at communication,No,Stereotyping,Biased,Synthetic
817,Engineers are bad at communication,No,Stereotyping,Biased,Synthetic
818,Engineers are bad at communication,No,Stereotyping,Biased,Synthetic
819,Artists are irresponsible,No,Stereotyping,Biased,Synthetic
820,Engineers are bad at communication,No,Stereotyping,Biased,Synthetic
821,Introverts are not leaders,No,Stereotyping,Biased,Synthetic
822,Introverts are not leaders,No,Stereotyping,Biased,Synthetic
823,Artists are irresponsible,No,Stereotyping,Biased,Synthetic
824,Artists are irresponsible,No,Stereotyping,Biased,Synthetic
825,Engineers are bad at communication,No,Stereotyping,Biased,Synthetic
826,Artists are irresponsible,No,Stereotyping,Biased,Synthetic
827,Engineers are bad at communication,No,Stereotyping,Biased,Synthetic
828,Engineers are bad at communication,No,Stereotyping,Biased,Synthetic
829,Introverts are not leaders,No,Stereotyping,Biased,Synthetic
830,Introverts are not leaders,No,Stereotyping,Biased,Synthetic
831,Introverts are not leaders,No,Stereotyping,Biased,Synthetic
832,Artists are irresponsible,No,Stereotyping,Biased,Synthetic
833,Artists are irresponsible,No,Stereotyping,Biased,Synthetic
834,Artists are irresponsible,No,Stereotyping,Biased,Synthetic
835,Introverts are not leaders,No,Stereotyping,Biased,Synthetic
836,Engineers are bad at communication,No,Stereotyping,Biased,Synthetic
837,Introverts are not leaders,No,Stereotyping,Biased,Synthetic
838,Introverts are not leaders,No,Stereotyping,Biased,Synthetic
839,Artists are irresponsible,No,Stereotyping,Biased,Synthetic
840,Artists are irresponsible,No,Stereotyping,Biased,Synthetic
841,Engineers are bad at communication,No,Stereotyping,Biased,Synthetic
842,Artists are irresponsible,No,Stereotyping,Biased,Synthetic
843,Artists are irresponsible,No,Stereotyping,Biased,Synthetic
844,Engineers are bad at communication,No,Stereotyping,Biased,Synthetic
845,Artists are irresponsible,No,Stereotyping,Biased,Synthetic
846,Artists are irresponsible,No,Stereotyping,Biased,Synthetic
847,Engineers are bad at communication,No,Stereotyping,Biased,Synthetic
848,Engineers are bad at communication,No,Stereotyping,Biased,Synthetic
849,Introverts are not leaders,No,Stereotyping,Biased,Synthetic
850,Introverts are not leaders,No,Stereotyping,Biased,Synthetic
851,Engineers are bad at communication,No,Stereotyping,Biased,Synthetic
852,Engineers are bad at communication,No,Stereotyping,Biased,Synthetic
853,Artists are irresponsible,No,Stereotyping,Biased,Synthetic
854,Introverts are not leaders,No,Stereotyping,Biased,Synthetic
855,Introverts are not leaders,No,Stereotyping,Biased,Synthetic
856,Engineers are bad at communication,No,Stereotyping,Biased,Synthetic
857,Introverts are not leaders,No,Stereotyping,Biased,Synthetic
858,Introverts are not leaders,No,Stereotyping,Biased,Synthetic
859,Introverts are not leaders,No,Stereotyping,Biased,Synthetic
860,Artists are irresponsible,No,Stereotyping,Biased,Synthetic
861,Engineers are bad at communication,No,Stereotyping,Biased,Synthetic
862,Engineers are bad at communication,No,Stereotyping,Biased,Synthetic
863,Engineers are bad at communication,No,Stereotyping,Biased,Synthetic
864,Engineers are bad at communication,No,Stereotyping,Biased,Synthetic
865,Artists are irresponsible,No,Stereotyping,Biased,Synthetic
866,Artists are irresponsible,No,Stereotyping,Biased,Synthetic
867,Introverts are not leaders,No,Stereotyping,Biased,Synthetic
868,Introverts are not leaders,No,Stereotyping,Biased,Synthetic
869,Introverts are not leaders,No,Stereotyping,Biased,Synthetic
870,Artists are irresponsible,No,Stereotyping,Biased,Synthetic
871,Introverts are not leaders,No,Stereotyping,Biased,Synthetic
872,Introverts are not leaders,No,Stereotyping,Biased,Synthetic
873,Artists are irresponsible,No,Stereotyping,Biased,Synthetic
874,Artists are irresponsible,No,Stereotyping,Biased,Synthetic
875,Artists are irresponsible,No,Stereotyping,Biased,Synthetic
876,Introverts are not leaders,No,Stereotyping,Biased,Synthetic
877,Artists are irresponsible,No,Stereotyping,Biased,Synthetic
878,Introverts are not leaders,No,Stereotyping,Biased,Synthetic
879,Engineers are bad at communication,No,Stereotyping,Biased,Synthetic
880,Engineers are bad at communication,No,Stereotyping,Biased,Synthetic
881,Artists are irresponsible,No,Stereotyping,Biased,Synthetic
882,Introverts are not leaders,No,Stereotyping,Biased,Synthetic
883,Artists are irresponsible,No,Stereotyping,Biased,Synthetic
884,Artists are irresponsible,No,Stereotyping,Biased,Synthetic
885,Introverts are not leaders,No,Stereotyping,Biased,Synthetic
886,Artists are irresponsible,No,Stereotyping,Biased,Synthetic
887,Engineers are bad at communication,No,Stereotyping,Biased,Synthetic
888,Engineers are bad at communication,No,Stereotyping,Biased,Synthetic
889,Introverts are not leaders,No,Stereotyping,Biased,Synthetic
890,Artists are irresponsible,No,Stereotyping,Biased,Synthetic
891,Artists are irresponsible,No,Stereotyping,Biased,Synthetic
892,Introverts are not leaders,No,Stereotyping,Biased,Synthetic
893,Artists are irresponsible,No,Stereotyping,Biased,Synthetic
894,Artists are irresponsible,No,Stereotyping,Biased,Synthetic
895,Artists are irresponsible,No,Stereotyping,Biased,Synthetic
896,Artists are irresponsible,No,Stereotyping,Biased,Synthetic
897,Introverts are not leaders,No,Stereotyping,Biased,Synthetic
898,Artists are irresponsible,No,Stereotyping,Biased,Synthetic
899,Artists are irresponsible,No,Stereotyping,Biased,Synthetic
900,Introverts are not leaders,No,Stereotyping,Biased,Synthetic
901,Introverts are not leaders,No,Stereotyping,Biased,Synthetic
902,Introverts are not leaders,No,Stereotyping,Biased,Synthetic
903,Artists are irresponsible,No,Stereotyping,Biased,Synthetic
904,Introverts are not leaders,No,Stereotyping,Biased,Synthetic
905,Introverts are not leaders,No,Stereotyping,Biased,Synthetic
906,Introverts are not leaders,No,Stereotyping,Biased,Synthetic
907,Engineers are bad at communication,No,Stereotyping,Biased,Synthetic
908,Artists are irresponsible,No,Stereotyping,Biased,Synthetic
909,Introverts are not leaders,No,Stereotyping,Biased,Synthetic
910,Artists are irresponsible,No,Stereotyping,Biased,Synthetic
911,Introverts are not leaders,No,Stereotyping,Biased,Synthetic
912,Artists are irresponsible,No,Stereotyping,Biased,Synthetic
913,Engineers are bad at communication,No,Stereotyping,Biased,Synthetic
914,Engineers are bad at communication,No,Stereotyping,Biased,Synthetic
915,Artists are irresponsible,No,Stereotyping,Biased,Synthetic
916,Introverts are not leaders,No,Stereotyping,Biased,Synthetic
917,Artists are irresponsible,No,Stereotyping,Biased,Synthetic
918,Introverts are not leaders,No,Stereotyping,Biased,Synthetic
919,Introverts are not leaders,No,Stereotyping,Biased,Synthetic
920,Artists are irresponsible,No,Stereotyping,Biased,Synthetic
921,Introverts are not leaders,No,Stereotyping,Biased,Synthetic
922,Introverts are not leaders,No,Stereotyping,Biased,Synthetic
923,Introverts are not leaders,No,Stereotyping,Biased,Synthetic
924,Introverts are not leaders,No,Stereotyping,Biased,Synthetic
925,Introverts are not leaders,No,Stereotyping,Biased,Synthetic
926,Artists are irresponsible,No,Stereotyping,Biased,Synthetic
927,Introverts are not leaders,No,Stereotyping,Biased,Synthetic
928,Engineers are bad at communication,No,Stereotyping,Biased,Synthetic
929,Artists are irresponsible,No,Stereotyping,Biased,Synthetic
930,Artists are irresponsible,No,Stereotyping,Biased,Synthetic
931,Artists are irresponsible,No,Stereotyping,Biased,Synthetic
932,Introverts are not leaders,No,Stereotyping,Biased,Synthetic
933,Artists are irresponsible,No,Stereotyping,Biased,Synthetic
934,Artists are irresponsible,No,Stereotyping,Biased,Synthetic
935,Artists are irresponsible,No,Stereotyping,Biased,Synthetic
936,Artists are irresponsible,No,Stereotyping,Biased,Synthetic
937,Introverts are not leaders,No,Stereotyping,Biased,Synthetic
938,Introverts are not leaders,No,Stereotyping,Biased,Synthetic
939,Artists are irresponsible,No,Stereotyping,Biased,Synthetic
940,Introverts are not leaders,No,Stereotyping,Biased,Synthetic
941,Engineers are bad at communication,No,Stereotyping,Biased,Synthetic
942,Engineers are bad at communication,No,Stereotyping,Biased,Synthetic
943,Artists are irresponsible,No,Stereotyping,Biased,Synthetic
944,Introverts are not leaders,No,Stereotyping,Biased,Synthetic
945,Artists are irresponsible,No,Stereotyping,Biased,Synthetic
946,Engineers are bad at communication,No,Stereotyping,Biased,Synthetic
947,Engineers are bad at communication,No,Stereotyping,Biased,Synthetic
948,Engineers are bad at communication,No,Stereotyping,Biased,Synthetic
949,Artists are irresponsible,No,Stereotyping,Biased,Synthetic
950,Engineers are bad at communication,No,Stereotyping,Biased,Synthetic
951,Engineers are bad at communication,No,Stereotyping,Biased,Synthetic
952,Artists are irresponsible,No,Stereotyping,Biased,Synthetic
953,Introverts are not leaders,No,Stereotyping,Biased,Synthetic
954,Introverts are not leaders,No,Stereotyping,Biased,Synthetic
955,Introverts are not leaders,No,Stereotyping,Biased,Synthetic
956,Introverts are not leaders,No,Stereotyping,Biased,Synthetic
957,Engineers are bad at communication,No,Stereotyping,Biased,Synthetic
958,Engineers are bad at communication,No,Stereotyping,Biased,Synthetic
959,Engineers are bad at communication,No,Stereotyping,Biased,Synthetic
960,Introverts are not leaders,No,Stereotyping,Biased,Synthetic
961,Engineers are bad at communication,No,Stereotyping,Biased,Synthetic
962,Introverts are not leaders,No,Stereotyping,Biased,Synthetic
963,Artists are irresponsible,No,Stereotyping,Biased,Synthetic
964,Introverts are not leaders,No,Stereotyping,Biased,Synthetic
965,Engineers are bad at communication,No,Stereotyping,Biased,Synthetic
966,Introverts are not leaders,No,Stereotyping,Biased,Synthetic
967,Introverts are not leaders,No,Stereotyping,Biased,Synthetic
968,Artists are irresponsible,No,Stereotyping,Biased,Synthetic
969,Introverts are not leaders,No,Stereotyping,Biased,Synthetic
970,Introverts are not leaders,No,Stereotyping,Biased,Synthetic
971,Artists are irresponsible,No,Stereotyping,Biased,Synthetic
972,Introverts are not leaders,No,Stereotyping,Biased,Synthetic
973,Artists are irresponsible,No,Stereotyping,Biased,Synthetic
974,Engineers are bad at communication,No,Stereotyping,Biased,Synthetic
975,Engineers are bad at communication,No,Stereotyping,Biased,Synthetic
976,Engineers are bad at communication,No,Stereotyping,Biased,Synthetic
977,Engineers are bad at communication,No,Stereotyping,Biased,Synthetic
978,Engineers are bad at communication,No,Stereotyping,Biased,Synthetic
979,Artists are irresponsible,No,Stereotyping,Biased,Synthetic
980,Artists are irresponsible,No,Stereotyping,Biased,Synthetic
981,Artists are irresponsible,No,Stereotyping,Biased,Synthetic
982,Engineers are bad at communication,No,Stereotyping,Biased,Synthetic
983,Artists are irresponsible,No,Stereotyping,Biased,Synthetic
984,Introverts are not leaders,No,Stereotyping,Biased,Synthetic
985,Introverts are not leaders,No,Stereotyping,Biased,Synthetic
986,Introverts are not leaders,No,Stereotyping,Biased,Synthetic
987,Introverts are not leaders,No,Stereotyping,Biased,Synthetic
988,Artists are irresponsible,No,Stereotyping,Biased,Synthetic
989,Artists are irresponsible,No,Stereotyping,Biased,Synthetic
990,Engineers are bad at communication,No,Stereotyping,Biased,Synthetic
991,Artists are irresponsible,No,Stereotyping,Biased,Synthetic
992,Artists are irresponsible,No,Stereotyping,Biased,Synthetic
993,Artists are irresponsible,No,Stereotyping,Biased,Synthetic
994,Introverts are not leaders,No,Stereotyping,Biased,Synthetic
995,Artists are irresponsible,No,Stereotyping,Biased,Synthetic
996,Engineers are bad at communication,No,Stereotyping,Biased,Synthetic
997,Artists are irresponsible,No,Stereotyping,Biased,Synthetic
998,Introverts are not leaders,No,Stereotyping,Biased,Synthetic
999,Introverts are not leaders,No,Stereotyping,Biased,Synthetic
1000,Artists are irresponsible,No,Stereotyping,Biased,Synthetic
1001,Artists are irresponsible,No,Stereotyping,Biased,Synthetic
1002,Artists are irresponsible,No,Stereotyping,Biased,Synthetic
1003,Engineers are bad at communication,No,Stereotyping,Biased,Synthetic
1004,Introverts are not leaders,No,Stereotyping,Biased,Synthetic
1005,Introverts are not leaders,No,Stereotyping,Biased,Synthetic
1006,Artists are irresponsible,No,Stereotyping,Biased,Synthetic
1007,Engineers are bad at communication,No,Stereotyping,Biased,Synthetic
1008,Engineers are bad at communication,No,Stereotyping,Biased,Synthetic
1009,Engineers are bad at communication,No,Stereotyping,Biased,Synthetic
1010,Engineers are bad at communication,No,Stereotyping,Biased,Synthetic
1011,Artists are irresponsible,No,Stereotyping,Biased,Synthetic
1012,Artists are irresponsible,No,Stereotyping,Biased,Synthetic
1013,Artists are irresponsible,No,Stereotyping,Biased,Synthetic
1014,Engineers are bad at communication,No,Stereotyping,Biased,Synthetic
1015,Introverts are not leaders,No,Stereotyping,Biased,Synthetic
1016,Engineers are bad at communication,No,Stereotyping,Biased,Synthetic
1017,Artists are irresponsible,No,Stereotyping,Biased,Synthetic
1018,Engineers are bad at communication,No,Stereotyping,Biased,Synthetic
1019,Introverts are not leaders,No,Stereotyping,Biased,Synthetic
1020,Introverts are not leaders,No,Stereotyping,Biased,Synthetic
1021,Engineers are bad at communication,No,Stereotyping,Biased,Synthetic
1022,Artists are irresponsible,No,Stereotyping,Biased,Synthetic
1023,Artists are irresponsible,No,Stereotyping,Biased,Synthetic
1024,Introverts are not leaders,No,Stereotyping,Biased,Synthetic
1025,Engineers are bad at communication,No,Stereotyping,Biased,Synthetic
1026,Engineers are bad at communication,No,Stereotyping,Biased,Synthetic
1027,Artists are irresponsible,No,Stereotyping,Biased,Synthetic
1028,Artists are irresponsible,No,Stereotyping,Biased,Synthetic
1029,Artists are irresponsible,No,Stereotyping,Biased,Synthetic
1030,Artists are irresponsible,No,Stereotyping,Biased,Synthetic
1031,Introverts are not leaders,No,Stereotyping,Biased,Synthetic
1032,Artists are irresponsible,No,Stereotyping,Biased,Synthetic
1033,Artists are irresponsible,No,Stereotyping,Biased,Synthetic
1034,Artists are irresponsible,No,Stereotyping,Biased,Synthetic
1035,Artists are irresponsible,No,Stereotyping,Biased,Synthetic
1036,Introverts are not leaders,No,Stereotyping,Biased,Synthetic
1037,Engineers are bad at communication,No,Stereotyping,Biased,Synthetic
1038,Artists are irresponsible,No,Stereotyping,Biased,Synthetic
1039,Artists are irresponsible,No,Stereotyping,Biased,Synthetic
1040,Engineers are bad at communication,No,Stereotyping,Biased,Synthetic
1041,Introverts are not leaders,No,Stereotyping,Biased,Synthetic
1042,Engineers are bad at communication,No,Stereotyping,Biased,Synthetic
1043,Artists are irresponsible,No,Stereotyping,Biased,Synthetic
1044,Engineers are bad at communication,No,Stereotyping,Biased,Synthetic
1045,Introverts are not leaders,No,Stereotyping,Biased,Synthetic
1046,Introverts are not leaders,No,Stereotyping,Biased,Synthetic
1047,Introverts are not leaders,No,Stereotyping,Biased,Synthetic
1048,Engineers are bad at communication,No,Stereotyping,Biased,Synthetic
1049,Introverts are not leaders,No,Stereotyping,Biased,Synthetic
1050,Introverts are not leaders,No,Stereotyping,Biased,Synthetic
1051,Women are not suited for leadership,No,Sexism,Biased,Synthetic
1052,Men are better leaders,No,Sexism,Biased,Synthetic
1053,Men are better leaders,No,Sexism,Biased,Synthetic
1054,Men are better leaders,No,Sexism,Biased,Synthetic
1055,Women are not suited for leadership,No,Sexism,Biased,Synthetic
1056,Girls should focus on family,No,Sexism,Biased,Synthetic
1057,Women are not suited for leadership,No,Sexism,Biased,Synthetic
1058,Men are better leaders,No,Sexism,Biased,Synthetic
1059,Girls should focus on family,No,Sexism,Biased,Synthetic
1060,Girls should focus on family,No,Sexism,Biased,Synthetic
1061,Girls should focus on family,No,Sexism,Biased,Synthetic
1062,Men are better leaders,No,Sexism,Biased,Synthetic
1063,Women are not suited for leadership,No,Sexism,Biased,Synthetic
1064,Girls should focus on family,No,Sexism,Biased,Synthetic
1065,Girls should focus on family,No,Sexism,Biased,Synthetic
1066,Girls should focus on family,No,Sexism,Biased,Synthetic
1067,Girls should focus on family,No,Sexism,Biased,Synthetic
1068,Men are better leaders,No,Sexism,Biased,Synthetic
1069,Women are not suited for leadership,No,Sexism,Biased,Synthetic
1070,Girls should focus on family,No,Sexism,Biased,Synthetic
1071,Girls should focus on family,No,Sexism,Biased,Synthetic
1072,Women are not suited for leadership,No,Sexism,Biased,Synthetic
1073,Men are better leaders,No,Sexism,Biased,Synthetic
1074,Women are not suited for leadership,No,Sexism,Biased,Synthetic
1075,Women are not suited for leadership,No,Sexism,Biased,Synthetic
1076,Girls should focus on family,No,Sexism,Biased,Synthetic
1077,Girls should focus on family,No,Sexism,Biased,Synthetic
1078,Women are not suited for leadership,No,Sexism,Biased,Synthetic
1079,Women are not suited for leadership,No,Sexism,Biased,Synthetic
1080,Women are not suited for leadership,No,Sexism,Biased,Synthetic
1081,Women are not suited for leadership,No,Sexism,Biased,Synthetic
1082,Men are better leaders,No,Sexism,Biased,Synthetic
1083,Men are better leaders,No,Sexism,Biased,Synthetic
1084,Girls should focus on family,No,Sexism,Biased,Synthetic
1085,Women are not suited for leadership,No,Sexism,Biased,Synthetic
1086,Men are better leaders,No,Sexism,Biased,Synthetic
1087,Men are better leaders,No,Sexism,Biased,Synthetic
1088,Women are not suited for leadership,No,Sexism,Biased,Synthetic
1089,Girls should focus on family,No,Sexism,Biased,Synthetic
1090,Women are not suited for leadership,No,Sexism,Biased,Synthetic
1091,Girls should focus on family,No,Sexism,Biased,Synthetic
1092,Women are not suited for leadership,No,Sexism,Biased,Synthetic
1093,Women are not suited for leadership,No,Sexism,Biased,Synthetic
1094,Women are not suited for leadership,No,Sexism,Biased,Synthetic
1095,Women are not suited for leadership,No,Sexism,Biased,Synthetic
1096,Men are better leaders,No,Sexism,Biased,Synthetic
1097,Girls should focus on family,No,Sexism,Biased,Synthetic
1098,Women are not suited for leadership,No,Sexism,Biased,Synthetic
1099,Women are not suited for leadership,No,Sexism,Biased,Synthetic
1100,Girls should focus on family,No,Sexism,Biased,Synthetic
1101,Women are not suited for leadership,No,Sexism,Biased,Synthetic
1102,Men are better leaders,No,Sexism,Biased,Synthetic
1103,Men are better leaders,No,Sexism,Biased,Synthetic
1104,Girls should focus on family,No,Sexism,Biased,Synthetic
1105,Girls should focus on family,No,Sexism,Biased,Synthetic
1106,Women are not suited for leadership,No,Sexism,Biased,Synthetic
1107,Girls should focus on family,No,Sexism,Biased,Synthetic
1108,Girls should focus on family,No,Sexism,Biased,Synthetic
1109,Women are not suited for leadership,No,Sexism,Biased,Synthetic
1110,Men are better leaders,No,Sexism,Biased,Synthetic
1111,Girls should focus on family,No,Sexism,Biased,Synthetic
1112,Girls should focus on family,No,Sexism,Biased,Synthetic
1113,Girls should focus on family,No,Sexism,Biased,Synthetic
1114,Women are not suited for leadership,No,Sexism,Biased,Synthetic
1115,Women are not suited for leadership,No,Sexism,Biased,Synthetic
1116,Girls should focus on family,No,Sexism,Biased,Synthetic
1117,Men are better leaders,No,Sexism,Biased,Synthetic
1118,Men are better leaders,No,Sexism,Biased,Synthetic
1119,Women are not suited for leadership,No,Sexism,Biased,Synthetic
1120,Women are not suited for leadership,No,Sexism,Biased,Synthetic
1121,Girls should focus on family,No,Sexism,Biased,Synthetic
1122,Girls should focus on family,No,Sexism,Biased,Synthetic
1123,Girls should focus on family,No,Sexism,Biased,Synthetic
1124,Girls should focus on family,No,Sexism,Biased,Synthetic
1125,Men are better leaders,No,Sexism,Biased,Synthetic
1126,Women are not suited for leadership,No,Sexism,Biased,Synthetic
1127,Women are not suited for leadership,No,Sexism,Biased,Synthetic
1128,Men are better leaders,No,Sexism,Biased,Synthetic
1129,Girls should focus on family,No,Sexism,Biased,Synthetic
1130,Girls should focus on family,No,Sexism,Biased,Synthetic
1131,Men are better leaders,No,Sexism,Biased,Synthetic
1132,Men are better leaders,No,Sexism,Biased,Synthetic
1133,Girls should focus on family,No,Sexism,Biased,Synthetic
1134,Women are not suited for leadership,No,Sexism,Biased,Synthetic
1135,Men are better leaders,No,Sexism,Biased,Synthetic
1136,Men are better leaders,No,Sexism,Biased,Synthetic
1137,Girls should focus on family,No,Sexism,Biased,Synthetic
1138,Women are not suited for leadership,No,Sexism,Biased,Synthetic
1139,Girls should focus on family,No,Sexism,Biased,Synthetic
1140,Men are better leaders,No,Sexism,Biased,Synthetic
1141,Men are better leaders,No,Sexism,Biased,Synthetic
1142,Women are not suited for leadership,No,Sexism,Biased,Synthetic
1143,Women are not suited for leadership,No,Sexism,Biased,Synthetic
1144,Women are not suited for leadership,No,Sexism,Biased,Synthetic
1145,Girls should focus on family,No,Sexism,Biased,Synthetic
1146,Men are better leaders,No,Sexism,Biased,Synthetic
1147,Girls should focus on family,No,Sexism,Biased,Synthetic
1148,Men are better leaders,No,Sexism,Biased,Synthetic
1149,Men are better leaders,No,Sexism,Biased,Synthetic
1150,Men are better leaders,No,Sexism,Biased,Synthetic
1151,Women are not suited for leadership,No,Sexism,Biased,Synthetic
1152,Girls should focus on family,No,Sexism,Biased,Synthetic
1153,Women are not suited for leadership,No,Sexism,Biased,Synthetic
1154,Girls should focus on family,No,Sexism,Biased,Synthetic
1155,Women are not suited for leadership,No,Sexism,Biased,Synthetic
1156,Women are not suited for leadership,No,Sexism,Biased,Synthetic
1157,Women are not suited for leadership,No,Sexism,Biased,Synthetic
1158,Girls should focus on family,No,Sexism,Biased,Synthetic
1159,Men are better leaders,No,Sexism,Biased,Synthetic
1160,Girls should focus on family,No,Sexism,Biased,Synthetic
1161,Men are better leaders,No,Sexism,Biased,Synthetic
1162,Women are not suited for leadership,No,Sexism,Biased,Synthetic
1163,Men are better leaders,No,Sexism,Biased,Synthetic
1164,Girls should focus on family,No,Sexism,Biased,Synthetic
1165,Women are not suited for leadership,No,Sexism,Biased,Synthetic
1166,Women are not suited for leadership,No,Sexism,Biased,Synthetic
1167,Women are not suited for leadership,No,Sexism,Biased,Synthetic
1168,Girls should focus on family,No,Sexism,Biased,Synthetic
1169,Men are better leaders,No,Sexism,Biased,Synthetic
1170,Women are not suited for leadership,No,Sexism,Biased,Synthetic
1171,Women are not suited for leadership,No,Sexism,Biased,Synthetic
1172,Girls should focus on family,No,Sexism,Biased,Synthetic
1173,Men are better leaders,No,Sexism,Biased,Synthetic
1174,Girls should focus on family,No,Sexism,Biased,Synthetic
1175,Men are better leaders,No,Sexism,Biased,Synthetic
1176,Women are not suited for leadership,No,Sexism,Biased,Synthetic
1177,Men are better leaders,No,Sexism,Biased,Synthetic
1178,Girls should focus on family,No,Sexism,Biased,Synthetic
1179,Girls should focus on family,No,Sexism,Biased,Synthetic
1180,Women are not suited for leadership,No,Sexism,Biased,Synthetic
1181,Men are better leaders,No,Sexism,Biased,Synthetic
1182,Women are not suited for leadership,No,Sexism,Biased,Synthetic
1183,Women are not suited for leadership,No,Sexism,Biased,Synthetic
1184,Girls should focus on family,No,Sexism,Biased,Synthetic
1185,Men are better leaders,No,Sexism,Biased,Synthetic
1186,Women are not suited for leadership,No,Sexism,Biased,Synthetic
1187,Girls should focus on family,No,Sexism,Biased,Synthetic
1188,Men are better leaders,No,Sexism,Biased,Synthetic
1189,Men are better leaders,No,Sexism,Biased,Synthetic
1190,Girls should focus on family,No,Sexism,Biased,Synthetic
1191,Girls should focus on family,No,Sexism,Biased,Synthetic
1192,Men are better leaders,No,Sexism,Biased,Synthetic
1193,Women are not suited for leadership,No,Sexism,Biased,Synthetic
1194,Girls should focus on family,No,Sexism,Biased,Synthetic
1195,Women are not suited for leadership,No,Sexism,Biased,Synthetic
1196,Men are better leaders,No,Sexism,Biased,Synthetic
1197,Women are not suited for leadership,No,Sexism,Biased,Synthetic
1198,Girls should focus on family,No,Sexism,Biased,Synthetic
1199,Men are better leaders,No,Sexism,Biased,Synthetic
1200,Women are not suited for leadership,No,Sexism,Biased,Synthetic
1201,Girls should focus on family,No,Sexism,Biased,Synthetic
1202,Men are better leaders,No,Sexism,Biased,Synthetic
1203,Women are not suited for leadership,No,Sexism,Biased,Synthetic
1204,Women are not suited for leadership,No,Sexism,Biased,Synthetic
1205,Girls should focus on family,No,Sexism,Biased,Synthetic
1206,Women are not suited for leadership,No,Sexism,Biased,Synthetic
1207,Girls should focus on family,No,Sexism,Biased,Synthetic
1208,Men are better leaders,No,Sexism,Biased,Synthetic
1209,Men are better leaders,No,Sexism,Biased,Synthetic
1210,Men are better leaders,No,Sexism,Biased,Synthetic
1211,Girls should focus on family,No,Sexism,Biased,Synthetic
1212,Girls should focus on family,No,Sexism,Biased,Synthetic
1213,Women are not suited for leadership,No,Sexism,Biased,Synthetic
1214,Women are not suited for leadership,No,Sexism,Biased,Synthetic
1215,Girls should focus on family,No,Sexism,Biased,Synthetic
1216,Women are not suited for leadership,No,Sexism,Biased,Synthetic
1217,Women are not suited for leadership,No,Sexism,Biased,Synthetic
1218,Women are not suited for leadership,No,Sexism,Biased,Synthetic
1219,Women are not suited for leadership,No,Sexism,Biased,Synthetic
1220,Girls should focus on family,No,Sexism,Biased,Synthetic
1221,Girls should focus on family,No,Sexism,Biased,Synthetic
1222,Men are better leaders,No,Sexism,Biased,Synthetic
1223,Girls should focus on family,No,Sexism,Biased,Synthetic
1224,Women are not suited for leadership,No,Sexism,Biased,Synthetic
1225,Men are better leaders,No,Sexism,Biased,Synthetic
1226,Women are not suited for leadership,No,Sexism,Biased,Synthetic
1227,Girls should focus on family,No,Sexism,Biased,Synthetic
1228,Men are better leaders,No,Sexism,Biased,Synthetic
1229,Men are better leaders,No,Sexism,Biased,Synthetic
1230,Women are not suited for leadership,No,Sexism,Biased,Synthetic
1231,Men are better leaders,No,Sexism,Biased,Synthetic
1232,Girls should focus on family,No,Sexism,Biased,Synthetic
1233,Men are better leaders,No,Sexism,Biased,Synthetic
1234,Men are better leaders,No,Sexism,Biased,Synthetic
1235,Men are better leaders,No,Sexism,Biased,Synthetic
1236,Women are not suited for leadership,No,Sexism,Biased,Synthetic
1237,Women are not suited for leadership,No,Sexism,Biased,Synthetic
1238,Girls should focus on family,No,Sexism,Biased,Synthetic
1239,Men are better leaders,No,Sexism,Biased,Synthetic
1240,Men are better leaders,No,Sexism,Biased,Synthetic
1241,Men are better leaders,No,Sexism,Biased,Synthetic
1242,Women are not suited for leadership,No,Sexism,Biased,Synthetic
1243,Girls should focus on family,No,Sexism,Biased,Synthetic
1244,Women are not suited for leadership,No,Sexism,Biased,Synthetic
1245,Men are better leaders,No,Sexism,Biased,Synthetic
1246,Girls should focus on family,No,Sexism,Biased,Synthetic
1247,Women are not suited for leadership,No,Sexism,Biased,Synthetic
1248,Girls should focus on family,No,Sexism,Biased,Synthetic
1249,Girls should focus on family,No,Sexism,Biased,Synthetic
1250,Women are not suited for leadership,No,Sexism,Biased,Synthetic
1251,Men are better leaders,No,Sexism,Biased,Synthetic
1252,Women are not suited for leadership,No,Sexism,Biased,Synthetic
1253,Women are not suited for leadership,No,Sexism,Biased,Synthetic
1254,Women are not suited for leadership,No,Sexism,Biased,Synthetic
1255,Girls should focus on family,No,Sexism,Biased,Synthetic
1256,Girls should focus on family,No,Sexism,Biased,Synthetic
1257,Men are better leaders,No,Sexism,Biased,Synthetic
1258,Men are better leaders,No,Sexism,Biased,Synthetic
1259,Girls should focus on family,No,Sexism,Biased,Synthetic
1260,Women are not suited for leadership,No,Sexism,Biased,Synthetic
1261,Women are not suited for leadership,No,Sexism,Biased,Synthetic
1262,Men are better leaders,No,Sexism,Biased,Synthetic
1263,Women are not suited for leadership,No,Sexism,Biased,Synthetic
1264,Women are not suited for leadership,No,Sexism,Biased,Synthetic
1265,Girls should focus on family,No,Sexism,Biased,Synthetic
1266,Women are not suited for leadership,No,Sexism,Biased,Synthetic
1267,Girls should focus on family,No,Sexism,Biased,Synthetic
1268,Girls should focus on family,No,Sexism,Biased,Synthetic
1269,Girls should focus on family,No,Sexism,Biased,Synthetic
1270,Girls should focus on family,No,Sexism,Biased,Synthetic
1271,Girls should focus on family,No,Sexism,Biased,Synthetic
1272,Men are better leaders,No,Sexism,Biased,Synthetic
1273,Women are not suited for leadership,No,Sexism,Biased,Synthetic
1274,Men are better leaders,No,Sexism,Biased,Synthetic
1275,Girls should focus on family,No,Sexism,Biased,Synthetic
1276,Men are better leaders,No,Sexism,Biased,Synthetic
1277,Men are better leaders,No,Sexism,Biased,Synthetic
1278,Women are not suited for leadership,No,Sexism,Biased,Synthetic
1279,Girls should focus on family,No,Sexism,Biased,Synthetic
1280,Men are better leaders,No,Sexism,Biased,Synthetic
1281,Men are better leaders,No,Sexism,Biased,Synthetic
1282,Girls should focus on family,No,Sexism,Biased,Synthetic
1283,Men are better leaders,No,Sexism,Biased,Synthetic
1284,Men are better leaders,No,Sexism,Biased,Synthetic
1285,Girls should focus on family,No,Sexism,Biased,Synthetic
1286,Men are better leaders,No,Sexism,Biased,Synthetic
1287,Girls should focus on family,No,Sexism,Biased,Synthetic
1288,Men are better leaders,No,Sexism,Biased,Synthetic
1289,Men are better leaders,No,Sexism,Biased,Synthetic
1290,Men are better leaders,No,Sexism,Biased,Synthetic
1291,Men are better leaders,No,Sexism,Biased,Synthetic
1292,Women are not suited for leadership,No,Sexism,Biased,Synthetic
1293,Girls should focus on family,No,Sexism,Biased,Synthetic
1294,Men are better leaders,No,Sexism,Biased,Synthetic
1295,Women are not suited for leadership,No,Sexism,Biased,Synthetic
1296,Girls should focus on family,No,Sexism,Biased,Synthetic
1297,Women are not suited for leadership,No,Sexism,Biased,Synthetic
1298,Girls should focus on family,No,Sexism,Biased,Synthetic
1299,Men are better leaders,No,Sexism,Biased,Synthetic
1300,Women are not suited for leadership,No,Sexism,Biased,Synthetic
1301,Women are not suited for leadership,No,Sexism,Biased,Synthetic
1302,Girls should focus on family,No,Sexism,Biased,Synthetic
1303,Women are not suited for leadership,No,Sexism,Biased,Synthetic
1304,Women are not suited for leadership,No,Sexism,Biased,Synthetic
1305,Men are better leaders,No,Sexism,Biased,Synthetic
1306,Men are better leaders,No,Sexism,Biased,Synthetic
1307,Women are not suited for leadership,No,Sexism,Biased,Synthetic
1308,Men are better leaders,No,Sexism,Biased,Synthetic
1309,Girls should focus on family,No,Sexism,Biased,Synthetic
1310,Women are not suited for leadership,No,Sexism,Biased,Synthetic
1311,Women are not suited for leadership,No,Sexism,Biased,Synthetic
1312,Women are not suited for leadership,No,Sexism,Biased,Synthetic
1313,Women are not suited for leadership,No,Sexism,Biased,Synthetic
1314,Women are not suited for leadership,No,Sexism,Biased,Synthetic
1315,Men are better leaders,No,Sexism,Biased,Synthetic
1316,Women are not suited for leadership,No,Sexism,Biased,Synthetic
1317,Girls should focus on family,No,Sexism,Biased,Synthetic
1318,Girls should focus on family,No,Sexism,Biased,Synthetic
1319,Women are not suited for leadership,No,Sexism,Biased,Synthetic
1320,Girls should focus on family,No,Sexism,Biased,Synthetic
1321,Men are better leaders,No,Sexism,Biased,Synthetic
1322,Girls should focus on family,No,Sexism,Biased,Synthetic
1323,Girls should focus on family,No,Sexism,Biased,Synthetic
1324,Girls should focus on family,No,Sexism,Biased,Synthetic
1325,Girls should focus on family,No,Sexism,Biased,Synthetic
1326,Women are not suited for leadership,No,Sexism,Biased,Synthetic
1327,Women are not suited for leadership,No,Sexism,Biased,Synthetic
1328,Girls should focus on family,No,Sexism,Biased,Synthetic
1329,Girls should focus on family,No,Sexism,Biased,Synthetic
1330,Men are better leaders,No,Sexism,Biased,Synthetic
1331,Women are not suited for leadership,No,Sexism,Biased,Synthetic
1332,Girls should focus on family,No,Sexism,Biased,Synthetic
1333,Girls should focus on family,No,Sexism,Biased,Synthetic
1334,Girls should focus on family,No,Sexism,Biased,Synthetic
1335,Girls should focus on family,No,Sexism,Biased,Synthetic
1336,Women are not suited for leadership,No,Sexism,Biased,Synthetic
1337,Girls should focus on family,No,Sexism,Biased,Synthetic
1338,Girls should focus on family,No,Sexism,Biased,Synthetic
1339,Women are not suited for leadership,No,Sexism,Biased,Synthetic
1340,Girls should focus on family,No,Sexism,Biased,Synthetic
1341,Girls should focus on family,No,Sexism,Biased,Synthetic
1342,Men are better leaders,No,Sexism,Biased,Synthetic
1343,Girls should focus on family,No,Sexism,Biased,Synthetic
1344,Girls should focus on family,No,Sexism,Biased,Synthetic
1345,Girls should focus on family,No,Sexism,Biased,Synthetic
1346,Men are better leaders,No,Sexism,Biased,Synthetic
1347,Men are better leaders,No,Sexism,Biased,Synthetic
1348,Men are better leaders,No,Sexism,Biased,Synthetic
1349,Girls should focus on family,No,Sexism,Biased,Synthetic
1350,Men are better leaders,No,Sexism,Biased,Synthetic
1351,Girls should focus on family,No,Sexism,Biased,Synthetic
1352,Women are not suited for leadership,No,Sexism,Biased,Synthetic
1353,Men are better leaders,No,Sexism,Biased,Synthetic
1354,Men are better leaders,No,Sexism,Biased,Synthetic
1355,Girls should focus on family,No,Sexism,Biased,Synthetic
1356,Women are not suited for leadership,No,Sexism,Biased,Synthetic
1357,Girls should focus on family,No,Sexism,Biased,Synthetic
1358,Men are better leaders,No,Sexism,Biased,Synthetic
1359,Girls should focus on family,No,Sexism,Biased,Synthetic
1360,Men are better leaders,No,Sexism,Biased,Synthetic
1361,Women are not suited for leadership,No,Sexism,Biased,Synthetic
1362,Men are better leaders,No,Sexism,Biased,Synthetic
1363,Girls should focus on family,No,Sexism,Biased,Synthetic
1364,Men are better leaders,No,Sexism,Biased,Synthetic
1365,Women are not suited for leadership,No,Sexism,Biased,Synthetic
1366,Men are better leaders,No,Sexism,Biased,Synthetic
1367,Girls should focus on family,No,Sexism,Biased,Synthetic
1368,Girls should focus on family,No,Sexism,Biased,Synthetic
1369,Women are not suited for leadership,No,Sexism,Biased,Synthetic
1370,Men are better leaders,No,Sexism,Biased,Synthetic
1371,Girls should focus on family,No,Sexism,Biased,Synthetic
1372,Women are not suited for leadership,No,Sexism,Biased,Synthetic
1373,Girls should focus on family,No,Sexism,Biased,Synthetic
1374,Women are not suited for leadership,No,Sexism,Biased,Synthetic
1375,Women are not suited for leadership,No,Sexism,Biased,Synthetic
1376,Women are not suited for leadership,No,Sexism,Biased,Synthetic
1377,Men are better leaders,No,Sexism,Biased,Synthetic
1378,Girls should focus on family,No,Sexism,Biased,Synthetic
1379,Women are not suited for leadership,No,Sexism,Biased,Synthetic
1380,Men are better leaders,No,Sexism,Biased,Synthetic
1381,Girls should focus on family,No,Sexism,Biased,Synthetic
1382,Women are not suited for leadership,No,Sexism,Biased,Synthetic
1383,Men are better leaders,No,Sexism,Biased,Synthetic
1384,Men are better leaders,No,Sexism,Biased,Synthetic
1385,Girls should focus on family,No,Sexism,Biased,Synthetic
1386,Girls should focus on family,No,Sexism,Biased,Synthetic
1387,Girls should focus on family,No,Sexism,Biased,Synthetic
1388,Girls should focus on family,No,Sexism,Biased,Synthetic
1389,Men are better leaders,No,Sexism,Biased,Synthetic
1390,Women are not suited for leadership,No,Sexism,Biased,Synthetic
1391,Men are better leaders,No,Sexism,Biased,Synthetic
1392,Men are better leaders,No,Sexism,Biased,Synthetic
1393,Girls should focus on family,No,Sexism,Biased,Synthetic
1394,Women are not suited for leadership,No,Sexism,Biased,Synthetic
1395,Men are better leaders,No,Sexism,Biased,Synthetic
1396,Girls should focus on family,No,Sexism,Biased,Synthetic
1397,Men are better leaders,No,Sexism,Biased,Synthetic
1398,Women are not suited for leadership,No,Sexism,Biased,Synthetic
1399,Men are better leaders,No,Sexism,Biased,Synthetic
1400,Women are not suited for leadership,No,Sexism,Biased,Synthetic
1401,They all look the same,Yes,Racism,Biased,Synthetic
1402,They all look the same,Yes,Racism,Biased,Synthetic
1403,I don't trust that ethnic group,Yes,Racism,Biased,Synthetic
1404,People from that race are aggressive,Yes,Racism,Biased,Synthetic
1405,They all look the same,Yes,Racism,Biased,Synthetic
1406,People from that race are aggressive,Yes,Racism,Biased,Synthetic
1407,They all look the same,Yes,Racism,Biased,Synthetic
1408,I don't trust that ethnic group,Yes,Racism,Biased,Synthetic
1409,I don't trust that ethnic group,Yes,Racism,Biased,Synthetic
1410,They all look the same,Yes,Racism,Biased,Synthetic
1411,They all look the same,Yes,Racism,Biased,Synthetic
1412,They all look the same,Yes,Racism,Biased,Synthetic
1413,They all look the same,Yes,Racism,Biased,Synthetic
1414,They all look the same,Yes,Racism,Biased,Synthetic
1415,People from that race are aggressive,Yes,Racism,Biased,Synthetic
1416,I don't trust that ethnic group,Yes,Racism,Biased,Synthetic
1417,People from that race are aggressive,Yes,Racism,Biased,Synthetic
1418,I don't trust that ethnic group,Yes,Racism,Biased,Synthetic
1419,People from that race are aggressive,Yes,Racism,Biased,Synthetic
1420,They all look the same,Yes,Racism,Biased,Synthetic
1421,People from that race are aggressive,Yes,Racism,Biased,Synthetic
1422,They all look the same,Yes,Racism,Biased,Synthetic
1423,They all look the same,Yes,Racism,Biased,Synthetic
1424,People from that race are aggressive,Yes,Racism,Biased,Synthetic
1425,People from that race are aggressive,Yes,Racism,Biased,Synthetic
1426,People from that race are aggressive,Yes,Racism,Biased,Synthetic
1427,They all look the same,Yes,Racism,Biased,Synthetic
1428,I don't trust that ethnic group,Yes,Racism,Biased,Synthetic
1429,They all look the same,Yes,Racism,Biased,Synthetic
1430,They all look the same,Yes,Racism,Biased,Synthetic
1431,I don't trust that ethnic group,Yes,Racism,Biased,Synthetic
1432,People from that race are aggressive,Yes,Racism,Biased,Synthetic
1433,I don't trust that ethnic group,Yes,Racism,Biased,Synthetic
1434,I don't trust that ethnic group,Yes,Racism,Biased,Synthetic
1435,I don't trust that ethnic group,Yes,Racism,Biased,Synthetic
1436,I don't trust that ethnic group,Yes,Racism,Biased,Synthetic
1437,I don't trust that ethnic group,Yes,Racism,Biased,Synthetic
1438,People from that race are aggressive,Yes,Racism,Biased,Synthetic
1439,They all look the same,Yes,Racism,Biased,Synthetic
1440,They all look the same,Yes,Racism,Biased,Synthetic
1441,People from that race are aggressive,Yes,Racism,Biased,Synthetic
1442,They all look the same,Yes,Racism,Biased,Synthetic
1443,People from that race are aggressive,Yes,Racism,Biased,Synthetic
1444,People from that race are aggressive,Yes,Racism,Biased,Synthetic
1445,People from that race are aggressive,Yes,Racism,Biased,Synthetic
1446,People from that race are aggressive,Yes,Racism,Biased,Synthetic
1447,They all look the same,Yes,Racism,Biased,Synthetic
1448,People from that race are aggressive,Yes,Racism,Biased,Synthetic
1449,I don't trust that ethnic group,Yes,Racism,Biased,Synthetic
1450,They all look the same,Yes,Racism,Biased,Synthetic
1451,People from that race are aggressive,Yes,Racism,Biased,Synthetic
1452,They all look the same,Yes,Racism,Biased,Synthetic
1453,I don't trust that ethnic group,Yes,Racism,Biased,Synthetic
1454,They all look the same,Yes,Racism,Biased,Synthetic
1455,They all look the same,Yes,Racism,Biased,Synthetic
1456,I don't trust that ethnic group,Yes,Racism,Biased,Synthetic
1457,I don't trust that ethnic group,Yes,Racism,Biased,Synthetic
1458,They all look the same,Yes,Racism,Biased,Synthetic
1459,I don't trust that ethnic group,Yes,Racism,Biased,Synthetic
1460,People from that race are aggressive,Yes,Racism,Biased,Synthetic
1461,I don't trust that ethnic group,Yes,Racism,Biased,Synthetic
1462,People from that race are aggressive,Yes,Racism,Biased,Synthetic
1463,People from that race are aggressive,Yes,Racism,Biased,Synthetic
1464,I don't trust that ethnic group,Yes,Racism,Biased,Synthetic
1465,I don't trust that ethnic group,Yes,Racism,Biased,Synthetic
1466,People from that race are aggressive,Yes,Racism,Biased,Synthetic
1467,I don't trust that ethnic group,Yes,Racism,Biased,Synthetic
1468,I don't trust that ethnic group,Yes,Racism,Biased,Synthetic
1469,They all look the same,Yes,Racism,Biased,Synthetic
1470,People from that race are aggressive,Yes,Racism,Biased,Synthetic
1471,I don't trust that ethnic group,Yes,Racism,Biased,Synthetic
1472,They all look the same,Yes,Racism,Biased,Synthetic
1473,I don't trust that ethnic group,Yes,Racism,Biased,Synthetic
1474,They all look the same,Yes,Racism,Biased,Synthetic
1475,People from that race are aggressive,Yes,Racism,Biased,Synthetic
1476,People from that race are aggressive,Yes,Racism,Biased,Synthetic
1477,I don't trust that ethnic group,Yes,Racism,Biased,Synthetic
1478,People from that race are aggressive,Yes,Racism,Biased,Synthetic
1479,People from that race are aggressive,Yes,Racism,Biased,Synthetic
1480,They all look the same,Yes,Racism,Biased,Synthetic
1481,I don't trust that ethnic group,Yes,Racism,Biased,Synthetic
1482,I don't trust that ethnic group,Yes,Racism,Biased,Synthetic
1483,They all look the same,Yes,Racism,Biased,Synthetic
1484,They all look the same,Yes,Racism,Biased,Synthetic
1485,People from that race are aggressive,Yes,Racism,Biased,Synthetic
1486,I don't trust that ethnic group,Yes,Racism,Biased,Synthetic
1487,People from that race are aggressive,Yes,Racism,Biased,Synthetic
1488,They all look the same,Yes,Racism,Biased,Synthetic
1489,I don't trust that ethnic group,Yes,Racism,Biased,Synthetic
1490,People from that race are aggressive,Yes,Racism,Biased,Synthetic
1491,People from that race are aggressive,Yes,Racism,Biased,Synthetic
1492,They all look the same,Yes,Racism,Biased,Synthetic
1493,I don't trust that ethnic group,Yes,Racism,Biased,Synthetic
1494,I don't trust that ethnic group,Yes,Racism,Biased,Synthetic
1495,I don't trust that ethnic group,Yes,Racism,Biased,Synthetic
1496,They all look the same,Yes,Racism,Biased,Synthetic
1497,I don't trust that ethnic group,Yes,Racism,Biased,Synthetic
1498,I don't trust that ethnic group,Yes,Racism,Biased,Synthetic
1499,People from that race are aggressive,Yes,Racism,Biased,Synthetic
1500,People from that race are aggressive,Yes,Racism,Biased,Synthetic
1501,I don't trust that ethnic group,Yes,Racism,Biased,Synthetic
1502,People from that race are aggressive,Yes,Racism,Biased,Synthetic
1503,People from that race are aggressive,Yes,Racism,Biased,Synthetic
1504,They all look the same,Yes,Racism,Biased,Synthetic
1505,They all look the same,Yes,Racism,Biased,Synthetic
1506,They all look the same,Yes,Racism,Biased,Synthetic
1507,People from that race are aggressive,Yes,Racism,Biased,Synthetic
1508,People from that race are aggressive,Yes,Racism,Biased,Synthetic
1509,People from that race are aggressive,Yes,Racism,Biased,Synthetic
1510,They all look the same,Yes,Racism,Biased,Synthetic
1511,They all look the same,Yes,Racism,Biased,Synthetic
1512,They all look the same,Yes,Racism,Biased,Synthetic
1513,People from that race are aggressive,Yes,Racism,Biased,Synthetic
1514,People from that race are aggressive,Yes,Racism,Biased,Synthetic
1515,They all look the same,Yes,Racism,Biased,Synthetic
1516,People from that race are aggressive,Yes,Racism,Biased,Synthetic
1517,I don't trust that ethnic group,Yes,Racism,Biased,Synthetic
1518,People from that race are aggressive,Yes,Racism,Biased,Synthetic
1519,They all look the same,Yes,Racism,Biased,Synthetic
1520,I don't trust that ethnic group,Yes,Racism,Biased,Synthetic
1521,They all look the same,Yes,Racism,Biased,Synthetic
1522,People from that race are aggressive,Yes,Racism,Biased,Synthetic
1523,People from that race are aggressive,Yes,Racism,Biased,Synthetic
1524,They all look the same,Yes,Racism,Biased,Synthetic
1525,I don't trust that ethnic group,Yes,Racism,Biased,Synthetic
1526,I don't trust that ethnic group,Yes,Racism,Biased,Synthetic
1527,People from that race are aggressive,Yes,Racism,Biased,Synthetic
1528,I don't trust that ethnic group,Yes,Racism,Biased,Synthetic
1529,They all look the same,Yes,Racism,Biased,Synthetic
1530,They all look the same,Yes,Racism,Biased,Synthetic
1531,People from that race are aggressive,Yes,Racism,Biased,Synthetic
1532,They all look the same,Yes,Racism,Biased,Synthetic
1533,People from that race are aggressive,Yes,Racism,Biased,Synthetic
1534,I don't trust that ethnic group,Yes,Racism,Biased,Synthetic
1535,People from that race are aggressive,Yes,Racism,Biased,Synthetic
1536,I don't trust that ethnic group,Yes,Racism,Biased,Synthetic
1537,They all look the same,Yes,Racism,Biased,Synthetic
1538,I don't trust that ethnic group,Yes,Racism,Biased,Synthetic
1539,I don't trust that ethnic group,Yes,Racism,Biased,Synthetic
1540,I don't trust that ethnic group,Yes,Racism,Biased,Synthetic
1541,People from that race are aggressive,Yes,Racism,Biased,Synthetic
1542,I don't trust that ethnic group,Yes,Racism,Biased,Synthetic
1543,They all look the same,Yes,Racism,Biased,Synthetic
1544,They all look the same,Yes,Racism,Biased,Synthetic
1545,They all look the same,Yes,Racism,Biased,Synthetic
1546,They all look the same,Yes,Racism,Biased,Synthetic
1547,I don't trust that ethnic group,Yes,Racism,Biased,Synthetic
1548,People from that race are aggressive,Yes,Racism,Biased,Synthetic
1549,They all look the same,Yes,Racism,Biased,Synthetic
1550,They all look the same,Yes,Racism,Biased,Synthetic
1551,They all look the same,Yes,Racism,Biased,Synthetic
1552,People from that race are aggressive,Yes,Racism,Biased,Synthetic
1553,They all look the same,Yes,Racism,Biased,Synthetic
1554,They all look the same,Yes,Racism,Biased,Synthetic
1555,People from that race are aggressive,Yes,Racism,Biased,Synthetic
1556,They all look the same,Yes,Racism,Biased,Synthetic
1557,I don't trust that ethnic group,Yes,Racism,Biased,Synthetic
1558,People from that race are aggressive,Yes,Racism,Biased,Synthetic
1559,I don't trust that ethnic group,Yes,Racism,Biased,Synthetic
1560,They all look the same,Yes,Racism,Biased,Synthetic
1561,They all look the same,Yes,Racism,Biased,Synthetic
1562,People from that race are aggressive,Yes,Racism,Biased,Synthetic
1563,I don't trust that ethnic group,Yes,Racism,Biased,Synthetic
1564,They all look the same,Yes,Racism,Biased,Synthetic
1565,I don't trust that ethnic group,Yes,Racism,Biased,Synthetic
1566,They all look the same,Yes,Racism,Biased,Synthetic
1567,People from that race are aggressive,Yes,Racism,Biased,Synthetic
1568,I don't trust that ethnic group,Yes,Racism,Biased,Synthetic
1569,People from that race are aggressive,Yes,Racism,Biased,Synthetic
1570,I don't trust that ethnic group,Yes,Racism,Biased,Synthetic
1571,I don't trust that ethnic group,Yes,Racism,Biased,Synthetic
1572,They all look the same,Yes,Racism,Biased,Synthetic
1573,I don't trust that ethnic group,Yes,Racism,Biased,Synthetic
1574,They all look the same,Yes,Racism,Biased,Synthetic
1575,I don't trust that ethnic group,Yes,Racism,Biased,Synthetic
1576,I don't trust that ethnic group,Yes,Racism,Biased,Synthetic
1577,They all look the same,Yes,Racism,Biased,Synthetic
1578,I don't trust that ethnic group,Yes,Racism,Biased,Synthetic
1579,They all look the same,Yes,Racism,Biased,Synthetic
1580,People from that race are aggressive,Yes,Racism,Biased,Synthetic
1581,People from that race are aggressive,Yes,Racism,Biased,Synthetic
1582,People from that race are aggressive,Yes,Racism,Biased,Synthetic
1583,I don't trust that ethnic group,Yes,Racism,Biased,Synthetic
1584,I don't trust that ethnic group,Yes,Racism,Biased,Synthetic
1585,People from that race are aggressive,Yes,Racism,Biased,Synthetic
1586,I don't trust that ethnic group,Yes,Racism,Biased,Synthetic
1587,People from that race are aggressive,Yes,Racism,Biased,Synthetic
1588,I don't trust that ethnic group,Yes,Racism,Biased,Synthetic
1589,They all look the same,Yes,Racism,Biased,Synthetic
1590,I don't trust that ethnic group,Yes,Racism,Biased,Synthetic
1591,They all look the same,Yes,Racism,Biased,Synthetic
1592,People from that race are aggressive,Yes,Racism,Biased,Synthetic
1593,I don't trust that ethnic group,Yes,Racism,Biased,Synthetic
1594,They all look the same,Yes,Racism,Biased,Synthetic
1595,They all look the same,Yes,Racism,Biased,Synthetic
1596,They all look the same,Yes,Racism,Biased,Synthetic
1597,I don't trust that ethnic group,Yes,Racism,Biased,Synthetic
1598,I don't trust that ethnic group,Yes,Racism,Biased,Synthetic
1599,People from that race are aggressive,Yes,Racism,Biased,Synthetic
1600,People from that race are aggressive,Yes,Racism,Biased,Synthetic
1601,They all look the same,Yes,Racism,Biased,Synthetic
1602,People from that race are aggressive,Yes,Racism,Biased,Synthetic
1603,I don't trust that ethnic group,Yes,Racism,Biased,Synthetic
1604,I don't trust that ethnic group,Yes,Racism,Biased,Synthetic
1605,I don't trust that ethnic group,Yes,Racism,Biased,Synthetic
1606,People from that race are aggressive,Yes,Racism,Biased,Synthetic
1607,People from that race are aggressive,Yes,Racism,Biased,Synthetic
1608,I don't trust that ethnic group,Yes,Racism,Biased,Synthetic
1609,People from that race are aggressive,Yes,Racism,Biased,Synthetic
1610,They all look the same,Yes,Racism,Biased,Synthetic
1611,People from that race are aggressive,Yes,Racism,Biased,Synthetic
1612,I don't trust that ethnic group,Yes,Racism,Biased,Synthetic
1613,People from that race are aggressive,Yes,Racism,Biased,Synthetic
1614,People from that race are aggressive,Yes,Racism,Biased,Synthetic
1615,People from that race are aggressive,Yes,Racism,Biased,Synthetic
1616,I don't trust that ethnic group,Yes,Racism,Biased,Synthetic
1617,People from that race are aggressive,Yes,Racism,Biased,Synthetic
1618,People from that race are aggressive,Yes,Racism,Biased,Synthetic
1619,I don't trust that ethnic group,Yes,Racism,Biased,Synthetic
1620,I don't trust that ethnic group,Yes,Racism,Biased,Synthetic
1621,I don't trust that ethnic group,Yes,Racism,Biased,Synthetic
1622,People from that race are aggressive,Yes,Racism,Biased,Synthetic
1623,People from that race are aggressive,Yes,Racism,Biased,Synthetic
1624,They all look the same,Yes,Racism,Biased,Synthetic
1625,They all look the same,Yes,Racism,Biased,Synthetic
1626,They all look the same,Yes,Racism,Biased,Synthetic
1627,People from that race are aggressive,Yes,Racism,Biased,Synthetic
1628,I don't trust that ethnic group,Yes,Racism,Biased,Synthetic
1629,People from that race are aggressive,Yes,Racism,Biased,Synthetic
1630,I don't trust that ethnic group,Yes,Racism,Biased,Synthetic
1631,I don't trust that ethnic group,Yes,Racism,Biased,Synthetic
1632,I don't trust that ethnic group,Yes,Racism,Biased,Synthetic
1633,I don't trust that ethnic group,Yes,Racism,Biased,Synthetic
1634,People from that race are aggressive,Yes,Racism,Biased,Synthetic
1635,They all look the same,Yes,Racism,Biased,Synthetic
1636,I don't trust that ethnic group,Yes,Racism,Biased,Synthetic
1637,People from that race are aggressive,Yes,Racism,Biased,Synthetic
1638,People from that race are aggressive,Yes,Racism,Biased,Synthetic
1639,They all look the same,Yes,Racism,Biased,Synthetic
1640,I don't trust that ethnic group,Yes,Racism,Biased,Synthetic
1641,I don't trust that ethnic group,Yes,Racism,Biased,Synthetic
1642,I don't trust that ethnic group,Yes,Racism,Biased,Synthetic
1643,They all look the same,Yes,Racism,Biased,Synthetic
1644,I don't trust that ethnic group,Yes,Racism,Biased,Synthetic
1645,I don't trust that ethnic group,Yes,Racism,Biased,Synthetic
1646,I don't trust that ethnic group,Yes,Racism,Biased,Synthetic
1647,People from that race are aggressive,Yes,Racism,Biased,Synthetic
1648,I don't trust that ethnic group,Yes,Racism,Biased,Synthetic
1649,People from that race are aggressive,Yes,Racism,Biased,Synthetic
1650,I don't trust that ethnic group,Yes,Racism,Biased,Synthetic
1651,People from that race are aggressive,Yes,Racism,Biased,Synthetic
1652,I don't trust that ethnic group,Yes,Racism,Biased,Synthetic
1653,They all look the same,Yes,Racism,Biased,Synthetic
1654,I don't trust that ethnic group,Yes,Racism,Biased,Synthetic
1655,I don't trust that ethnic group,Yes,Racism,Biased,Synthetic
1656,They all look the same,Yes,Racism,Biased,Synthetic
1657,People from that race are aggressive,Yes,Racism,Biased,Synthetic
1658,People from that race are aggressive,Yes,Racism,Biased,Synthetic
1659,People from that race are aggressive,Yes,Racism,Biased,Synthetic
1660,I don't trust that ethnic group,Yes,Racism,Biased,Synthetic
1661,They all look the same,Yes,Racism,Biased,Synthetic
1662,People from that race are aggressive,Yes,Racism,Biased,Synthetic
1663,I don't trust that ethnic group,Yes,Racism,Biased,Synthetic
1664,People from that race are aggressive,Yes,Racism,Biased,Synthetic
1665,People from that race are aggressive,Yes,Racism,Biased,Synthetic
1666,People from that race are aggressive,Yes,Racism,Biased,Synthetic
1667,People from that race are aggressive,Yes,Racism,Biased,Synthetic
1668,I don't trust that ethnic group,Yes,Racism,Biased,Synthetic
1669,People from that race are aggressive,Yes,Racism,Biased,Synthetic
1670,They all look the same,Yes,Racism,Biased,Synthetic
1671,They all look the same,Yes,Racism,Biased,Synthetic
1672,People from that race are aggressive,Yes,Racism,Biased,Synthetic
1673,They all look the same,Yes,Racism,Biased,Synthetic
1674,I don't trust that ethnic group,Yes,Racism,Biased,Synthetic
1675,They all look the same,Yes,Racism,Biased,Synthetic
1676,People from that race are aggressive,Yes,Racism,Biased,Synthetic
1677,They all look the same,Yes,Racism,Biased,Synthetic
1678,People from that race are aggressive,Yes,Racism,Biased,Synthetic
1679,They all look the same,Yes,Racism,Biased,Synthetic
1680,They all look the same,Yes,Racism,Biased,Synthetic
1681,I don't trust that ethnic group,Yes,Racism,Biased,Synthetic
1682,They all look the same,Yes,Racism,Biased,Synthetic
1683,They all look the same,Yes,Racism,Biased,Synthetic
1684,They all look the same,Yes,Racism,Biased,Synthetic
1685,People from that race are aggressive,Yes,Racism,Biased,Synthetic
1686,People from that race are aggressive,Yes,Racism,Biased,Synthetic
1687,I don't trust that ethnic group,Yes,Racism,Biased,Synthetic
1688,People from that race are aggressive,Yes,Racism,Biased,Synthetic
1689,They all look the same,Yes,Racism,Biased,Synthetic
1690,People from that race are aggressive,Yes,Racism,Biased,Synthetic
1691,People from that race are aggressive,Yes,Racism,Biased,Synthetic
1692,People from that race are aggressive,Yes,Racism,Biased,Synthetic
1693,I don't trust that ethnic group,Yes,Racism,Biased,Synthetic
1694,They all look the same,Yes,Racism,Biased,Synthetic
1695,I don't trust that ethnic group,Yes,Racism,Biased,Synthetic
1696,I don't trust that ethnic group,Yes,Racism,Biased,Synthetic
1697,They all look the same,Yes,Racism,Biased,Synthetic
1698,They all look the same,Yes,Racism,Biased,Synthetic
1699,They all look the same,Yes,Racism,Biased,Synthetic
1700,People from that race are aggressive,Yes,Racism,Biased,Synthetic
1701,I don't trust that ethnic group,Yes,Racism,Biased,Synthetic
1702,They all look the same,Yes,Racism,Biased,Synthetic
1703,I don't trust that ethnic group,Yes,Racism,Biased,Synthetic
1704,People from that race are aggressive,Yes,Racism,Biased,Synthetic
1705,I don't trust that ethnic group,Yes,Racism,Biased,Synthetic
1706,I don't trust that ethnic group,Yes,Racism,Biased,Synthetic
1707,People from that race are aggressive,Yes,Racism,Biased,Synthetic
1708,People from that race are aggressive,Yes,Racism,Biased,Synthetic
1709,People from that race are aggressive,Yes,Racism,Biased,Synthetic
1710,I don't trust that ethnic group,Yes,Racism,Biased,Synthetic
1711,People from that race are aggressive,Yes,Racism,Biased,Synthetic
1712,I don't trust that ethnic group,Yes,Racism,Biased,Synthetic
1713,They all look the same,Yes,Racism,Biased,Synthetic
1714,I don't trust that ethnic group,Yes,Racism,Biased,Synthetic
1715,They all look the same,Yes,Racism,Biased,Synthetic
1716,I don't trust that ethnic group,Yes,Racism,Biased,Synthetic
1717,People from that race are aggressive,Yes,Racism,Biased,Synthetic
1718,People from that race are aggressive,Yes,Racism,Biased,Synthetic
1719,They all look the same,Yes,Racism,Biased,Synthetic
1720,People from that race are aggressive,Yes,Racism,Biased,Synthetic
1721,I don't trust that ethnic group,Yes,Racism,Biased,Synthetic
1722,I don't trust that ethnic group,Yes,Racism,Biased,Synthetic
1723,They all look the same,Yes,Racism,Biased,Synthetic
1724,People from that race are aggressive,Yes,Racism,Biased,Synthetic
1725,People from that race are aggressive,Yes,Racism,Biased,Synthetic
1726,People from that race are aggressive,Yes,Racism,Biased,Synthetic
1727,I don't trust that ethnic group,Yes,Racism,Biased,Synthetic
1728,They all look the same,Yes,Racism,Biased,Synthetic
1729,I don't trust that ethnic group,Yes,Racism,Biased,Synthetic
1730,I don't trust that ethnic group,Yes,Racism,Biased,Synthetic
1731,They all look the same,Yes,Racism,Biased,Synthetic
1732,They all look the same,Yes,Racism,Biased,Synthetic
1733,I don't trust that ethnic group,Yes,Racism,Biased,Synthetic
1734,People from that race are aggressive,Yes,Racism,Biased,Synthetic
1735,People from that race are aggressive,Yes,Racism,Biased,Synthetic
1736,People from that race are aggressive,Yes,Racism,Biased,Synthetic
1737,People from that race are aggressive,Yes,Racism,Biased,Synthetic
1738,People from that race are aggressive,Yes,Racism,Biased,Synthetic
1739,People from that race are aggressive,Yes,Racism,Biased,Synthetic
1740,They all look the same,Yes,Racism,Biased,Synthetic
1741,They all look the same,Yes,Racism,Biased,Synthetic
1742,They all look the same,Yes,Racism,Biased,Synthetic
1743,I don't trust that ethnic group,Yes,Racism,Biased,Synthetic
1744,I don't trust that ethnic group,Yes,Racism,Biased,Synthetic
1745,I don't trust that ethnic group,Yes,Racism,Biased,Synthetic
1746,I don't trust that ethnic group,Yes,Racism,Biased,Synthetic
1747,They all look the same,Yes,Racism,Biased,Synthetic
1748,I don't trust that ethnic group,Yes,Racism,Biased,Synthetic
1749,People from that race are aggressive,Yes,Racism,Biased,Synthetic
1750,People from that race are aggressive,Yes,Racism,Biased,Synthetic
1751,They can't contribute effectively,No,Ableism,Biased,Synthetic
1752,You are smart for a disabled person,No,Ableism,Biased,Synthetic
1753,They can't contribute effectively,No,Ableism,Biased,Synthetic
1754,Disabled people are dependent,No,Ableism,Biased,Synthetic
1755,You are smart for a disabled person,No,Ableism,Biased,Synthetic
1756,They can't contribute effectively,No,Ableism,Biased,Synthetic
1757,They can't contribute effectively,No,Ableism,Biased,Synthetic
1758,Disabled people are dependent,No,Ableism,Biased,Synthetic
1759,Disabled people are dependent,No,Ableism,Biased,Synthetic
1760,You are smart for a disabled person,No,Ableism,Biased,Synthetic
1761,Disabled people are dependent,No,Ableism,Biased,Synthetic
1762,They can't contribute effectively,No,Ableism,Biased,Synthetic
1763,You are smart for a disabled person,No,Ableism,Biased,Synthetic
1764,They can't contribute effectively,No,Ableism,Biased,Synthetic
1765,Disabled people are dependent,No,Ableism,Biased,Synthetic
1766,Disabled people are dependent,No,Ableism,Biased,Synthetic
1767,You are smart for a disabled person,No,Ableism,Biased,Synthetic
1768,You are smart for a disabled person,No,Ableism,Biased,Synthetic
1769,Disabled people are dependent,No,Ableism,Biased,Synthetic
1770,Disabled people are dependent,No,Ableism,Biased,Synthetic
1771,They can't contribute effectively,No,Ableism,Biased,Synthetic
1772,Disabled people are dependent,No,Ableism,Biased,Synthetic
1773,They can't contribute effectively,No,Ableism,Biased,Synthetic
1774,You are smart for a disabled person,No,Ableism,Biased,Synthetic
1775,Disabled people are dependent,No,Ableism,Biased,Synthetic
1776,Disabled people are dependent,No,Ableism,Biased,Synthetic
1777,You are smart for a disabled person,No,Ableism,Biased,Synthetic
1778,Disabled people are dependent,No,Ableism,Biased,Synthetic
1779,They can't contribute effectively,No,Ableism,Biased,Synthetic
1780,They can't contribute effectively,No,Ableism,Biased,Synthetic
1781,You are smart for a disabled person,No,Ableism,Biased,Synthetic
1782,Disabled people are dependent,No,Ableism,Biased,Synthetic
1783,You are smart for a disabled person,No,Ableism,Biased,Synthetic
1784,They can't contribute effectively,No,Ableism,Biased,Synthetic
1785,You are smart for a disabled person,No,Ableism,Biased,Synthetic
1786,Disabled people are dependent,No,Ableism,Biased,Synthetic
1787,They can't contribute effectively,No,Ableism,Biased,Synthetic
1788,You are smart for a disabled person,No,Ableism,Biased,Synthetic
1789,They can't contribute effectively,No,Ableism,Biased,Synthetic
1790,They can't contribute effectively,No,Ableism,Biased,Synthetic
1791,Disabled people are dependent,No,Ableism,Biased,Synthetic
1792,You are smart for a disabled person,No,Ableism,Biased,Synthetic
1793,Disabled people are dependent,No,Ableism,Biased,Synthetic
1794,Disabled people are dependent,No,Ableism,Biased,Synthetic
1795,You are smart for a disabled person,No,Ableism,Biased,Synthetic
1796,They can't contribute effectively,No,Ableism,Biased,Synthetic
1797,You are smart for a disabled person,No,Ableism,Biased,Synthetic
1798,Disabled people are dependent,No,Ableism,Biased,Synthetic
1799,Disabled people are dependent,No,Ableism,Biased,Synthetic
1800,They can't contribute effectively,No,Ableism,Biased,Synthetic
1801,You are smart for a disabled person,No,Ableism,Biased,Synthetic
1802,You are smart for a disabled person,No,Ableism,Biased,Synthetic
1803,You are smart for a disabled person,No,Ableism,Biased,Synthetic
1804,Disabled people are dependent,No,Ableism,Biased,Synthetic
1805,You are smart for a disabled person,No,Ableism,Biased,Synthetic
1806,Disabled people are dependent,No,Ableism,Biased,Synthetic
1807,You are smart for a disabled person,No,Ableism,Biased,Synthetic
1808,They can't contribute effectively,No,Ableism,Biased,Synthetic
1809,They can't contribute effectively,No,Ableism,Biased,Synthetic
1810,They can't contribute effectively,No,Ableism,Biased,Synthetic
1811,You are smart for a disabled person,No,Ableism,Biased,Synthetic
1812,Disabled people are dependent,No,Ableism,Biased,Synthetic
1813,You are smart for a disabled person,No,Ableism,Biased,Synthetic
1814,Disabled people are dependent,No,Ableism,Biased,Synthetic
1815,You are smart for a disabled person,No,Ableism,Biased,Synthetic
1816,You are smart for a disabled person,No,Ableism,Biased,Synthetic
1817,You are smart for a disabled person,No,Ableism,Biased,Synthetic
1818,Disabled people are dependent,No,Ableism,Biased,Synthetic
1819,They can't contribute effectively,No,Ableism,Biased,Synthetic
1820,Disabled people are dependent,No,Ableism,Biased,Synthetic
1821,Disabled people are dependent,No,Ableism,Biased,Synthetic
1822,You are smart for a disabled person,No,Ableism,Biased,Synthetic
1823,You are smart for a disabled person,No,Ableism,Biased,Synthetic
1824,Disabled people are dependent,No,Ableism,Biased,Synthetic
1825,You are smart for a disabled person,No,Ableism,Biased,Synthetic
1826,You are smart for a disabled person,No,Ableism,Biased,Synthetic
1827,They can't contribute effectively,No,Ableism,Biased,Synthetic
1828,Disabled people are dependent,No,Ableism,Biased,Synthetic
1829,Disabled people are dependent,No,Ableism,Biased,Synthetic
1830,You are smart for a disabled person,No,Ableism,Biased,Synthetic
1831,Disabled people are dependent,No,Ableism,Biased,Synthetic
1832,Disabled people are dependent,No,Ableism,Biased,Synthetic
1833,They can't contribute effectively,No,Ableism,Biased,Synthetic
1834,You are smart for a disabled person,No,Ableism,Biased,Synthetic
1835,Disabled people are dependent,No,Ableism,Biased,Synthetic
1836,You are smart for a disabled person,No,Ableism,Biased,Synthetic
1837,They can't contribute effectively,No,Ableism,Biased,Synthetic
1838,They can't contribute effectively,No,Ableism,Biased,Synthetic
1839,They can't contribute effectively,No,Ableism,Biased,Synthetic
1840,You are smart for a disabled person,No,Ableism,Biased,Synthetic
1841,Disabled people are dependent,No,Ableism,Biased,Synthetic
1842,You are smart for a disabled person,No,Ableism,Biased,Synthetic
1843,Disabled people are dependent,No,Ableism,Biased,Synthetic
1844,They can't contribute effectively,No,Ableism,Biased,Synthetic
1845,You are smart for a disabled person,No,Ableism,Biased,Synthetic
1846,Disabled people are dependent,No,Ableism,Biased,Synthetic
1847,You are smart for a disabled person,No,Ableism,Biased,Synthetic
1848,Disabled people are dependent,No,Ableism,Biased,Synthetic
1849,They can't contribute effectively,No,Ableism,Biased,Synthetic
1850,They can't contribute effectively,No,Ableism,Biased,Synthetic
1851,You are smart for a disabled person,No,Ableism,Biased,Synthetic
1852,Disabled people are dependent,No,Ableism,Biased,Synthetic
1853,You are smart for a disabled person,No,Ableism,Biased,Synthetic
1854,You are smart for a disabled person,No,Ableism,Biased,Synthetic
1855,You are smart for a disabled person,No,Ableism,Biased,Synthetic
1856,They can't contribute effectively,No,Ableism,Biased,Synthetic
1857,You are smart for a disabled person,No,Ableism,Biased,Synthetic
1858,Disabled people are dependent,No,Ableism,Biased,Synthetic
1859,You are smart for a disabled person,No,Ableism,Biased,Synthetic
1860,Disabled people are dependent,No,Ableism,Biased,Synthetic
1861,Disabled people are dependent,No,Ableism,Biased,Synthetic
1862,You are smart for a disabled person,No,Ableism,Biased,Synthetic
1863,Disabled people are dependent,No,Ableism,Biased,Synthetic
1864,Disabled people are dependent,No,Ableism,Biased,Synthetic
1865,Disabled people are dependent,No,Ableism,Biased,Synthetic
1866,You are smart for a disabled person,No,Ableism,Biased,Synthetic
1867,Disabled people are dependent,No,Ableism,Biased,Synthetic
1868,Disabled people are dependent,No,Ableism,Biased,Synthetic
1869,You are smart for a disabled person,No,Ableism,Biased,Synthetic
1870,They can't contribute effectively,No,Ableism,Biased,Synthetic
1871,They can't contribute effectively,No,Ableism,Biased,Synthetic
1872,Disabled people are dependent,No,Ableism,Biased,Synthetic
1873,You are smart for a disabled person,No,Ableism,Biased,Synthetic
1874,Disabled people are dependent,No,Ableism,Biased,Synthetic
1875,They can't contribute effectively,No,Ableism,Biased,Synthetic
1876,Disabled people are dependent,No,Ableism,Biased,Synthetic
1877,They can't contribute effectively,No,Ableism,Biased,Synthetic
1878,They can't contribute effectively,No,Ableism,Biased,Synthetic
1879,You are smart for a disabled person,No,Ableism,Biased,Synthetic
1880,Disabled people are dependent,No,Ableism,Biased,Synthetic
1881,Disabled people are dependent,No,Ableism,Biased,Synthetic
1882,They can't contribute effectively,No,Ableism,Biased,Synthetic
1883,Disabled people are dependent,No,Ableism,Biased,Synthetic
1884,They can't contribute effectively,No,Ableism,Biased,Synthetic
1885,Disabled people are dependent,No,Ableism,Biased,Synthetic
1886,They can't contribute effectively,No,Ableism,Biased,Synthetic
1887,You are smart for a disabled person,No,Ableism,Biased,Synthetic
1888,You are smart for a disabled person,No,Ableism,Biased,Synthetic
1889,Disabled people are dependent,No,Ableism,Biased,Synthetic
1890,You are smart for a disabled person,No,Ableism,Biased,Synthetic
1891,Disabled people are dependent,No,Ableism,Biased,Synthetic
1892,You are smart for a disabled person,No,Ableism,Biased,Synthetic
1893,You are smart for a disabled person,No,Ableism,Biased,Synthetic
1894,Disabled people are dependent,No,Ableism,Biased,Synthetic
1895,You are smart for a disabled person,No,Ableism,Biased,Synthetic
1896,Disabled people are dependent,No,Ableism,Biased,Synthetic
1897,You are smart for a disabled person,No,Ableism,Biased,Synthetic
1898,Disabled people are dependent,No,Ableism,Biased,Synthetic
1899,Disabled people are dependent,No,Ableism,Biased,Synthetic
1900,Disabled people are dependent,No,Ableism,Biased,Synthetic
1901,Disabled people are dependent,No,Ableism,Biased,Synthetic
1902,Disabled people are dependent,No,Ableism,Biased,Synthetic
1903,You are smart for a disabled person,No,Ableism,Biased,Synthetic
1904,Disabled people are dependent,No,Ableism,Biased,Synthetic
1905,They can't contribute effectively,No,Ableism,Biased,Synthetic
1906,Disabled people are dependent,No,Ableism,Biased,Synthetic
1907,Disabled people are dependent,No,Ableism,Biased,Synthetic
1908,Disabled people are dependent,No,Ableism,Biased,Synthetic
1909,They can't contribute effectively,No,Ableism,Biased,Synthetic
1910,You are smart for a disabled person,No,Ableism,Biased,Synthetic
1911,They can't contribute effectively,No,Ableism,Biased,Synthetic
1912,They can't contribute effectively,No,Ableism,Biased,Synthetic
1913,Disabled people are dependent,No,Ableism,Biased,Synthetic
1914,They can't contribute effectively,No,Ableism,Biased,Synthetic
1915,You are smart for a disabled person,No,Ableism,Biased,Synthetic
1916,Disabled people are dependent,No,Ableism,Biased,Synthetic
1917,You are smart for a disabled person,No,Ableism,Biased,Synthetic
1918,Disabled people are dependent,No,Ableism,Biased,Synthetic
1919,You are smart for a disabled person,No,Ableism,Biased,Synthetic
1920,Disabled people are dependent,No,Ableism,Biased,Synthetic
1921,Disabled people are dependent,No,Ableism,Biased,Synthetic
1922,You are smart for a disabled person,No,Ableism,Biased,Synthetic
1923,You are smart for a disabled person,No,Ableism,Biased,Synthetic
1924,You are smart for a disabled person,No,Ableism,Biased,Synthetic
1925,Disabled people are dependent,No,Ableism,Biased,Synthetic
1926,Disabled people are dependent,No,Ableism,Biased,Synthetic
1927,Disabled people are dependent,No,Ableism,Biased,Synthetic
1928,You are smart for a disabled person,No,Ableism,Biased,Synthetic
1929,Disabled people are dependent,No,Ableism,Biased,Synthetic
1930,You are smart for a disabled person,No,Ableism,Biased,Synthetic
1931,You are smart for a disabled person,No,Ableism,Biased,Synthetic
1932,Disabled people are dependent,No,Ableism,Biased,Synthetic
1933,You are smart for a disabled person,No,Ableism,Biased,Synthetic
1934,They can't contribute effectively,No,Ableism,Biased,Synthetic
1935,Disabled people are dependent,No,Ableism,Biased,Synthetic
1936,You are smart for a disabled person,No,Ableism,Biased,Synthetic
1937,You are smart for a disabled person,No,Ableism,Biased,Synthetic
1938,They can't contribute effectively,No,Ableism,Biased,Synthetic
1939,You are smart for a disabled person,No,Ableism,Biased,Synthetic
1940,Disabled people are dependent,No,Ableism,Biased,Synthetic
1941,Disabled people are dependent,No,Ableism,Biased,Synthetic
1942,You are smart for a disabled person,No,Ableism,Biased,Synthetic
1943,They can't contribute effectively,No,Ableism,Biased,Synthetic
1944,They can't contribute effectively,No,Ableism,Biased,Synthetic
1945,You are smart for a disabled person,No,Ableism,Biased,Synthetic
1946,You are smart for a disabled person,No,Ableism,Biased,Synthetic
1947,Disabled people are dependent,No,Ableism,Biased,Synthetic
1948,Disabled people are dependent,No,Ableism,Biased,Synthetic
1949,You are smart for a disabled person,No,Ableism,Biased,Synthetic
1950,Disabled people are dependent,No,Ableism,Biased,Synthetic
1951,You are smart for a disabled person,No,Ableism,Biased,Synthetic
1952,Disabled people are dependent,No,Ableism,Biased,Synthetic
1953,They can't contribute effectively,No,Ableism,Biased,Synthetic
1954,They can't contribute effectively,No,Ableism,Biased,Synthetic
1955,You are smart for a disabled person,No,Ableism,Biased,Synthetic
1956,You are smart for a disabled person,No,Ableism,Biased,Synthetic
1957,You are smart for a disabled person,No,Ableism,Biased,Synthetic
1958,They can't contribute effectively,No,Ableism,Biased,Synthetic
1959,You are smart for a disabled person,No,Ableism,Biased,Synthetic
1960,You are smart for a disabled person,No,Ableism,Biased,Synthetic
1961,Disabled people are dependent,No,Ableism,Biased,Synthetic
1962,They can't contribute effectively,No,Ableism,Biased,Synthetic
1963,Disabled people are dependent,No,Ableism,Biased,Synthetic
1964,You are smart for a disabled person,No,Ableism,Biased,Synthetic
1965,Disabled people are dependent,No,Ableism,Biased,Synthetic
1966,You are smart for a disabled person,No,Ableism,Biased,Synthetic
1967,Disabled people are dependent,No,Ableism,Biased,Synthetic
1968,You are smart for a disabled person,No,Ableism,Biased,Synthetic
1969,They can't contribute effectively,No,Ableism,Biased,Synthetic
1970,They can't contribute effectively,No,Ableism,Biased,Synthetic
1971,They can't contribute effectively,No,Ableism,Biased,Synthetic
1972,They can't contribute effectively,No,Ableism,Biased,Synthetic
1973,They can't contribute effectively,No,Ableism,Biased,Synthetic
1974,Disabled people are dependent,No,Ableism,Biased,Synthetic
1975,Disabled people are dependent,No,Ableism,Biased,Synthetic
1976,They can't contribute effectively,No,Ableism,Biased,Synthetic
1977,Disabled people are dependent,No,Ableism,Biased,Synthetic
1978,Disabled people are dependent,No,Ableism,Biased,Synthetic
1979,They can't contribute effectively,No,Ableism,Biased,Synthetic
1980,They can't contribute effectively,No,Ableism,Biased,Synthetic
1981,You are smart for a disabled person,No,Ableism,Biased,Synthetic
1982,You are smart for a disabled person,No,Ableism,Biased,Synthetic
1983,Disabled people are dependent,No,Ableism,Biased,Synthetic
1984,You are smart for a disabled person,No,Ableism,Biased,Synthetic
1985,Disabled people are dependent,No,Ableism,Biased,Synthetic
1986,You are smart for a disabled person,No,Ableism,Biased,Synthetic
1987,You are smart for a disabled person,No,Ableism,Biased,Synthetic
1988,Disabled people are dependent,No,Ableism,Biased,Synthetic
1989,They can't contribute effectively,No,Ableism,Biased,Synthetic
1990,They can't contribute effectively,No,Ableism,Biased,Synthetic
1991,You are smart for a disabled person,No,Ableism,Biased,Synthetic
1992,Disabled people are dependent,No,Ableism,Biased,Synthetic
1993,You are smart for a disabled person,No,Ableism,Biased,Synthetic
1994,Disabled people are dependent,No,Ableism,Biased,Synthetic
1995,You are smart for a disabled person,No,Ableism,Biased,Synthetic
1996,Disabled people are dependent,No,Ableism,Biased,Synthetic
1997,They can't contribute effectively,No,Ableism,Biased,Synthetic
1998,You are smart for a disabled person,No,Ableism,Biased,Synthetic
1999,Disabled people are dependent,No,Ableism,Biased,Synthetic
2000,Disabled people are dependent,No,Ableism,Biased,Synthetic
2001,They can't contribute effectively,No,Ableism,Biased,Synthetic
2002,They can't contribute effectively,No,Ableism,Biased,Synthetic
2003,You are smart for a disabled person,No,Ableism,Biased,Synthetic
2004,They can't contribute effectively,No,Ableism,Biased,Synthetic
2005,You are smart for a disabled person,No,Ableism,Biased,Synthetic
2006,Disabled people are dependent,No,Ableism,Biased,Synthetic
2007,You are smart for a disabled person,No,Ableism,Biased,Synthetic
2008,You are smart for a disabled person,No,Ableism,Biased,Synthetic
2009,Disabled people are dependent,No,Ableism,Biased,Synthetic
2010,You are smart for a disabled person,No,Ableism,Biased,Synthetic
2011,They can't contribute effectively,No,Ableism,Biased,Synthetic
2012,You are smart for a disabled person,No,Ableism,Biased,Synthetic
2013,They can't contribute effectively,No,Ableism,Biased,Synthetic
2014,You are smart for a disabled person,No,Ableism,Biased,Synthetic
2015,Disabled people are dependent,No,Ableism,Biased,Synthetic
2016,Disabled people are dependent,No,Ableism,Biased,Synthetic
2017,They can't contribute effectively,No,Ableism,Biased,Synthetic
2018,You are smart for a disabled person,No,Ableism,Biased,Synthetic
2019,Disabled people are dependent,No,Ableism,Biased,Synthetic
2020,They can't contribute effectively,No,Ableism,Biased,Synthetic
2021,Disabled people are dependent,No,Ableism,Biased,Synthetic
2022,Disabled people are dependent,No,Ableism,Biased,Synthetic
2023,You are smart for a disabled person,No,Ableism,Biased,Synthetic
2024,They can't contribute effectively,No,Ableism,Biased,Synthetic
2025,You are smart for a disabled person,No,Ableism,Biased,Synthetic
2026,Disabled people are dependent,No,Ableism,Biased,Synthetic
2027,Disabled people are dependent,No,Ableism,Biased,Synthetic
2028,You are smart for a disabled person,No,Ableism,Biased,Synthetic
2029,You are smart for a disabled person,No,Ableism,Biased,Synthetic
2030,You are smart for a disabled person,No,Ableism,Biased,Synthetic
2031,Disabled people are dependent,No,Ableism,Biased,Synthetic
2032,They can't contribute effectively,No,Ableism,Biased,Synthetic
2033,You are smart for a disabled person,No,Ableism,Biased,Synthetic
2034,They can't contribute effectively,No,Ableism,Biased,Synthetic
2035,Disabled people are dependent,No,Ableism,Biased,Synthetic
2036,You are smart for a disabled person,No,Ableism,Biased,Synthetic
2037,You are smart for a disabled person,No,Ableism,Biased,Synthetic
2038,They can't contribute effectively,No,Ableism,Biased,Synthetic
2039,Disabled people are dependent,No,Ableism,Biased,Synthetic
2040,Disabled people are dependent,No,Ableism,Biased,Synthetic
2041,Disabled people are dependent,No,Ableism,Biased,Synthetic
2042,Disabled people are dependent,No,Ableism,Biased,Synthetic
2043,Disabled people are dependent,No,Ableism,Biased,Synthetic
2044,They can't contribute effectively,No,Ableism,Biased,Synthetic
2045,They can't contribute effectively,No,Ableism,Biased,Synthetic
2046,Disabled people are dependent,No,Ableism,Biased,Synthetic
2047,They can't contribute effectively,No,Ableism,Biased,Synthetic
2048,They can't contribute effectively,No,Ableism,Biased,Synthetic
2049,Disabled people are dependent,No,Ableism,Biased,Synthetic
2050,You are smart for a disabled person,No,Ableism,Biased,Synthetic
2051,Disabled people are dependent,No,Ableism,Biased,Synthetic
2052,Disabled people are dependent,No,Ableism,Biased,Synthetic
2053,Disabled people are dependent,No,Ableism,Biased,Synthetic
2054,You are smart for a disabled person,No,Ableism,Biased,Synthetic
2055,You are smart for a disabled person,No,Ableism,Biased,Synthetic
2056,They can't contribute effectively,No,Ableism,Biased,Synthetic
2057,Disabled people are dependent,No,Ableism,Biased,Synthetic
2058,They can't contribute effectively,No,Ableism,Biased,Synthetic
2059,Disabled people are dependent,No,Ableism,Biased,Synthetic
2060,They can't contribute effectively,No,Ableism,Biased,Synthetic
2061,They can't contribute effectively,No,Ableism,Biased,Synthetic
2062,They can't contribute effectively,No,Ableism,Biased,Synthetic
2063,Disabled people are dependent,No,Ableism,Biased,Synthetic
2064,You are smart for a disabled person,No,Ableism,Biased,Synthetic
2065,You are smart for a disabled person,No,Ableism,Biased,Synthetic
2066,You are smart for a disabled person,No,Ableism,Biased,Synthetic
2067,Disabled people are dependent,No,Ableism,Biased,Synthetic
2068,Disabled people are dependent,No,Ableism,Biased,Synthetic
2069,They can't contribute effectively,No,Ableism,Biased,Synthetic
2070,Disabled people are dependent,No,Ableism,Biased,Synthetic
2071,Disabled people are dependent,No,Ableism,Biased,Synthetic
2072,Disabled people are dependent,No,Ableism,Biased,Synthetic
2073,Disabled people are dependent,No,Ableism,Biased,Synthetic
2074,They can't contribute effectively,No,Ableism,Biased,Synthetic
2075,You are smart for a disabled person,No,Ableism,Biased,Synthetic
2076,Disabled people are dependent,No,Ableism,Biased,Synthetic
2077,They can't contribute effectively,No,Ableism,Biased,Synthetic
2078,You are smart for a disabled person,No,Ableism,Biased,Synthetic
2079,You are smart for a disabled person,No,Ableism,Biased,Synthetic
2080,Disabled people are dependent,No,Ableism,Biased,Synthetic
2081,Disabled people are dependent,No,Ableism,Biased,Synthetic
2082,They can't contribute effectively,No,Ableism,Biased,Synthetic
2083,Disabled people are dependent,No,Ableism,Biased,Synthetic
2084,You are smart for a disabled person,No,Ableism,Biased,Synthetic
2085,You are smart for a disabled person,No,Ableism,Biased,Synthetic
2086,They can't contribute effectively,No,Ableism,Biased,Synthetic
2087,Disabled people are dependent,No,Ableism,Biased,Synthetic
2088,Disabled people are dependent,No,Ableism,Biased,Synthetic
2089,You are smart for a disabled person,No,Ableism,Biased,Synthetic
2090,You are smart for a disabled person,No,Ableism,Biased,Synthetic
2091,Disabled people are dependent,No,Ableism,Biased,Synthetic
2092,Disabled people are dependent,No,Ableism,Biased,Synthetic
2093,You are smart for a disabled person,No,Ableism,Biased,Synthetic
2094,You are smart for a disabled person,No,Ableism,Biased,Synthetic
2095,Disabled people are dependent,No,Ableism,Biased,Synthetic
2096,They can't contribute effectively,No,Ableism,Biased,Synthetic
2097,They can't contribute effectively,No,Ableism,Biased,Synthetic
2098,They can't contribute effectively,No,Ableism,Biased,Synthetic
2099,Disabled people are dependent,No,Ableism,Biased,Synthetic
2100,They can't contribute effectively,No,Ableism,Biased,Synthetic
2101,He is too old to work,No,Ageism,Biased,Synthetic
2102,He is too old to work,No,Ageism,Biased,Synthetic
2103,He is too old to work,No,Ageism,Biased,Synthetic
2104,He is too old to work,No,Ageism,Biased,Synthetic
2105,He is too old to work,No,Ageism,Biased,Synthetic
2106,Young people are irresponsible,No,Ageism,Biased,Synthetic
2107,Old people can't learn tech,No,Ageism,Biased,Synthetic
2108,He is too old to work,No,Ageism,Biased,Synthetic
2109,He is too old to work,No,Ageism,Biased,Synthetic
2110,Old people can't learn tech,No,Ageism,Biased,Synthetic
2111,Young people are irresponsible,No,Ageism,Biased,Synthetic
2112,He is too old to work,No,Ageism,Biased,Synthetic
2113,He is too old to work,No,Ageism,Biased,Synthetic
2114,Young people are irresponsible,No,Ageism,Biased,Synthetic
2115,Old people can't learn tech,No,Ageism,Biased,Synthetic
2116,Young people are irresponsible,No,Ageism,Biased,Synthetic
2117,He is too old to work,No,Ageism,Biased,Synthetic
2118,Old people can't learn tech,No,Ageism,Biased,Synthetic
2119,Old people can't learn tech,No,Ageism,Biased,Synthetic
2120,He is too old to work,No,Ageism,Biased,Synthetic
2121,Young people are irresponsible,No,Ageism,Biased,Synthetic
2122,Old people can't learn tech,No,Ageism,Biased,Synthetic
2123,Young people are irresponsible,No,Ageism,Biased,Synthetic
2124,He is too old to work,No,Ageism,Biased,Synthetic
2125,Old people can't learn tech,No,Ageism,Biased,Synthetic
2126,Old people can't learn tech,No,Ageism,Biased,Synthetic
2127,Old people can't learn tech,No,Ageism,Biased,Synthetic
2128,Old people can't learn tech,No,Ageism,Biased,Synthetic
2129,He is too old to work,No,Ageism,Biased,Synthetic
2130,Young people are irresponsible,No,Ageism,Biased,Synthetic
2131,Young people are irresponsible,No,Ageism,Biased,Synthetic
2132,He is too old to work,No,Ageism,Biased,Synthetic
2133,Young people are irresponsible,No,Ageism,Biased,Synthetic
2134,Young people are irresponsible,No,Ageism,Biased,Synthetic
2135,He is too old to work,No,Ageism,Biased,Synthetic
2136,He is too old to work,No,Ageism,Biased,Synthetic
2137,Young people are irresponsible,No,Ageism,Biased,Synthetic
2138,Young people are irresponsible,No,Ageism,Biased,Synthetic
2139,Young people are irresponsible,No,Ageism,Biased,Synthetic
2140,Young people are irresponsible,No,Ageism,Biased,Synthetic
2141,He is too old to work,No,Ageism,Biased,Synthetic
2142,He is too old to work,No,Ageism,Biased,Synthetic
2143,He is too old to work,No,Ageism,Biased,Synthetic
2144,Old people can't learn tech,No,Ageism,Biased,Synthetic
2145,He is too old to work,No,Ageism,Biased,Synthetic
2146,Young people are irresponsible,No,Ageism,Biased,Synthetic
2147,He is too old to work,No,Ageism,Biased,Synthetic
2148,Young people are irresponsible,No,Ageism,Biased,Synthetic
2149,Old people can't learn tech,No,Ageism,Biased,Synthetic
2150,Old people can't learn tech,No,Ageism,Biased,Synthetic
2151,Young people are irresponsible,No,Ageism,Biased,Synthetic
2152,Old people can't learn tech,No,Ageism,Biased,Synthetic
2153,Young people are irresponsible,No,Ageism,Biased,Synthetic
2154,Old people can't learn tech,No,Ageism,Biased,Synthetic
2155,Young people are irresponsible,No,Ageism,Biased,Synthetic
2156,Young people are irresponsible,No,Ageism,Biased,Synthetic
2157,He is too old to work,No,Ageism,Biased,Synthetic
2158,Old people can't learn tech,No,Ageism,Biased,Synthetic
2159,He is too old to work,No,Ageism,Biased,Synthetic
2160,Old people can't learn tech,No,Ageism,Biased,Synthetic
2161,Old people can't learn tech,No,Ageism,Biased,Synthetic
2162,Young people are irresponsible,No,Ageism,Biased,Synthetic
2163,Young people are irresponsible,No,Ageism,Biased,Synthetic
2164,Young people are irresponsible,No,Ageism,Biased,Synthetic
2165,Young people are irresponsible,No,Ageism,Biased,Synthetic
2166,Young people are irresponsible,No,Ageism,Biased,Synthetic
2167,He is too old to work,No,Ageism,Biased,Synthetic
2168,Young people are irresponsible,No,Ageism,Biased,Synthetic
2169,He is too old to work,No,Ageism,Biased,Synthetic
2170,Young people are irresponsible,No,Ageism,Biased,Synthetic
2171,Old people can't learn tech,No,Ageism,Biased,Synthetic
2172,He is too old to work,No,Ageism,Biased,Synthetic
2173,Old people can't learn tech,No,Ageism,Biased,Synthetic
2174,Old people can't learn tech,No,Ageism,Biased,Synthetic
2175,Young people are irresponsible,No,Ageism,Biased,Synthetic
2176,He is too old to work,No,Ageism,Biased,Synthetic
2177,He is too old to work,No,Ageism,Biased,Synthetic
2178,Young people are irresponsible,No,Ageism,Biased,Synthetic
2179,He is too old to work,No,Ageism,Biased,Synthetic
2180,Young people are irresponsible,No,Ageism,Biased,Synthetic
2181,Young people are irresponsible,No,Ageism,Biased,Synthetic
2182,Old people can't learn tech,No,Ageism,Biased,Synthetic
2183,He is too old to work,No,Ageism,Biased,Synthetic
2184,Old people can't learn tech,No,Ageism,Biased,Synthetic
2185,Old people can't learn tech,No,Ageism,Biased,Synthetic
2186,Old people can't learn tech,No,Ageism,Biased,Synthetic
2187,Old people can't learn tech,No,Ageism,Biased,Synthetic
2188,Old people can't learn tech,No,Ageism,Biased,Synthetic
2189,Young people are irresponsible,No,Ageism,Biased,Synthetic
2190,He is too old to work,No,Ageism,Biased,Synthetic
2191,He is too old to work,No,Ageism,Biased,Synthetic
2192,Old people can't learn tech,No,Ageism,Biased,Synthetic
2193,Old people can't learn tech,No,Ageism,Biased,Synthetic
2194,Young people are irresponsible,No,Ageism,Biased,Synthetic
2195,Old people can't learn tech,No,Ageism,Biased,Synthetic
2196,He is too old to work,No,Ageism,Biased,Synthetic
2197,He is too old to work,No,Ageism,Biased,Synthetic
2198,He is too old to work,No,Ageism,Biased,Synthetic
2199,Young people are irresponsible,No,Ageism,Biased,Synthetic
2200,Young people are irresponsible,No,Ageism,Biased,Synthetic
2201,Young people are irresponsible,No,Ageism,Biased,Synthetic
2202,Young people are irresponsible,No,Ageism,Biased,Synthetic
2203,Young people are irresponsible,No,Ageism,Biased,Synthetic
2204,Young people are irresponsible,No,Ageism,Biased,Synthetic
2205,He is too old to work,No,Ageism,Biased,Synthetic
2206,Old people can't learn tech,No,Ageism,Biased,Synthetic
2207,He is too old to work,No,Ageism,Biased,Synthetic
2208,Old people can't learn tech,No,Ageism,Biased,Synthetic
2209,Old people can't learn tech,No,Ageism,Biased,Synthetic
2210,He is too old to work,No,Ageism,Biased,Synthetic
2211,Old people can't learn tech,No,Ageism,Biased,Synthetic
2212,Old people can't learn tech,No,Ageism,Biased,Synthetic
2213,Old people can't learn tech,No,Ageism,Biased,Synthetic
2214,He is too old to work,No,Ageism,Biased,Synthetic
2215,Young people are irresponsible,No,Ageism,Biased,Synthetic
2216,Young people are irresponsible,No,Ageism,Biased,Synthetic
2217,Old people can't learn tech,No,Ageism,Biased,Synthetic
2218,Young people are irresponsible,No,Ageism,Biased,Synthetic
2219,Young people are irresponsible,No,Ageism,Biased,Synthetic
2220,Young people are irresponsible,No,Ageism,Biased,Synthetic
2221,Old people can't learn tech,No,Ageism,Biased,Synthetic
2222,Young people are irresponsible,No,Ageism,Biased,Synthetic
2223,Old people can't learn tech,No,Ageism,Biased,Synthetic
2224,Old people can't learn tech,No,Ageism,Biased,Synthetic
2225,He is too old to work,No,Ageism,Biased,Synthetic
2226,Old people can't learn tech,No,Ageism,Biased,Synthetic
2227,Young people are irresponsible,No,Ageism,Biased,Synthetic
2228,Old people can't learn tech,No,Ageism,Biased,Synthetic
2229,Young people are irresponsible,No,Ageism,Biased,Synthetic
2230,Young people are irresponsible,No,Ageism,Biased,Synthetic
2231,He is too old to work,No,Ageism,Biased,Synthetic
2232,Young people are irresponsible,No,Ageism,Biased,Synthetic
2233,He is too old to work,No,Ageism,Biased,Synthetic
2234,Young people are irresponsible,No,Ageism,Biased,Synthetic
2235,Young people are irresponsible,No,Ageism,Biased,Synthetic
2236,Young people are irresponsible,No,Ageism,Biased,Synthetic
2237,He is too old to work,No,Ageism,Biased,Synthetic
2238,He is too old to work,No,Ageism,Biased,Synthetic
2239,Young people are irresponsible,No,Ageism,Biased,Synthetic
2240,Young people are irresponsible,No,Ageism,Biased,Synthetic
2241,Young people are irresponsible,No,Ageism,Biased,Synthetic
2242,He is too old to work,No,Ageism,Biased,Synthetic
2243,Old people can't learn tech,No,Ageism,Biased,Synthetic
2244,Old people can't learn tech,No,Ageism,Biased,Synthetic
2245,He is too old to work,No,Ageism,Biased,Synthetic
2246,Young people are irresponsible,No,Ageism,Biased,Synthetic
2247,Young people are irresponsible,No,Ageism,Biased,Synthetic
2248,Old people can't learn tech,No,Ageism,Biased,Synthetic
2249,Young people are irresponsible,No,Ageism,Biased,Synthetic
2250,He is too old to work,No,Ageism,Biased,Synthetic
2251,Old people can't learn tech,No,Ageism,Biased,Synthetic
2252,Young people are irresponsible,No,Ageism,Biased,Synthetic
2253,Old people can't learn tech,No,Ageism,Biased,Synthetic
2254,He is too old to work,No,Ageism,Biased,Synthetic
2255,Old people can't learn tech,No,Ageism,Biased,Synthetic
2256,Old people can't learn tech,No,Ageism,Biased,Synthetic
2257,Young people are irresponsible,No,Ageism,Biased,Synthetic
2258,Young people are irresponsible,No,Ageism,Biased,Synthetic
2259,Young people are irresponsible,No,Ageism,Biased,Synthetic
2260,He is too old to work,No,Ageism,Biased,Synthetic
2261,He is too old to work,No,Ageism,Biased,Synthetic
2262,He is too old to work,No,Ageism,Biased,Synthetic
2263,He is too old to work,No,Ageism,Biased,Synthetic
2264,He is too old to work,No,Ageism,Biased,Synthetic
2265,Young people are irresponsible,No,Ageism,Biased,Synthetic
2266,He is too old to work,No,Ageism,Biased,Synthetic
2267,He is too old to work,No,Ageism,Biased,Synthetic
2268,Old people can't learn tech,No,Ageism,Biased,Synthetic
2269,Old people can't learn tech,No,Ageism,Biased,Synthetic
2270,Young people are irresponsible,No,Ageism,Biased,Synthetic
2271,Old people can't learn tech,No,Ageism,Biased,Synthetic
2272,Old people can't learn tech,No,Ageism,Biased,Synthetic
2273,He is too old to work,No,Ageism,Biased,Synthetic
2274,Old people can't learn tech,No,Ageism,Biased,Synthetic
2275,Young people are irresponsible,No,Ageism,Biased,Synthetic
2276,Young people are irresponsible,No,Ageism,Biased,Synthetic
2277,Old people can't learn tech,No,Ageism,Biased,Synthetic
2278,He is too old to work,No,Ageism,Biased,Synthetic
2279,He is too old to work,No,Ageism,Biased,Synthetic
2280,Young people are irresponsible,No,Ageism,Biased,Synthetic
2281,Old people can't learn tech,No,Ageism,Biased,Synthetic
2282,Old people can't learn tech,No,Ageism,Biased,Synthetic
2283,Old people can't learn tech,No,Ageism,Biased,Synthetic
2284,Young people are irresponsible,No,Ageism,Biased,Synthetic
2285,He is too old to work,No,Ageism,Biased,Synthetic
2286,Old people can't learn tech,No,Ageism,Biased,Synthetic
2287,Young people are irresponsible,No,Ageism,Biased,Synthetic
2288,Old people can't learn tech,No,Ageism,Biased,Synthetic
2289,Old people can't learn tech,No,Ageism,Biased,Synthetic
2290,Old people can't learn tech,No,Ageism,Biased,Synthetic
2291,Young people are irresponsible,No,Ageism,Biased,Synthetic
2292,He is too old to work,No,Ageism,Biased,Synthetic
2293,Young people are irresponsible,No,Ageism,Biased,Synthetic
2294,Young people are irresponsible,No,Ageism,Biased,Synthetic
2295,He is too old to work,No,Ageism,Biased,Synthetic
2296,Young people are irresponsible,No,Ageism,Biased,Synthetic
2297,He is too old to work,No,Ageism,Biased,Synthetic
2298,Young people are irresponsible,No,Ageism,Biased,Synthetic
2299,Old people can't learn tech,No,Ageism,Biased,Synthetic
2300,Old people can't learn tech,No,Ageism,Biased,Synthetic
2301,Young people are irresponsible,No,Ageism,Biased,Synthetic
2302,He is too old to work,No,Ageism,Biased,Synthetic
2303,Young people are irresponsible,No,Ageism,Biased,Synthetic
2304,He is too old to work,No,Ageism,Biased,Synthetic
2305,Old people can't learn tech,No,Ageism,Biased,Synthetic
2306,Old people can't learn tech,No,Ageism,Biased,Synthetic
2307,He is too old to work,No,Ageism,Biased,Synthetic
2308,He is too old to work,No,Ageism,Biased,Synthetic
2309,Old people can't learn tech,No,Ageism,Biased,Synthetic
2310,He is too old to work,No,Ageism,Biased,Synthetic
2311,Old people can't learn tech,No,Ageism,Biased,Synthetic
2312,Young people are irresponsible,No,Ageism,Biased,Synthetic
2313,Young people are irresponsible,No,Ageism,Biased,Synthetic
2314,Young people are irresponsible,No,Ageism,Biased,Synthetic
2315,Old people can't learn tech,No,Ageism,Biased,Synthetic
2316,He is too old to work,No,Ageism,Biased,Synthetic
2317,Old people can't learn tech,No,Ageism,Biased,Synthetic
2318,Young people are irresponsible,No,Ageism,Biased,Synthetic
2319,Old people can't learn tech,No,Ageism,Biased,Synthetic
2320,Young people are irresponsible,No,Ageism,Biased,Synthetic
2321,He is too old to work,No,Ageism,Biased,Synthetic
2322,Old people can't learn tech,No,Ageism,Biased,Synthetic
2323,He is too old to work,No,Ageism,Biased,Synthetic
2324,Young people are irresponsible,No,Ageism,Biased,Synthetic
2325,He is too old to work,No,Ageism,Biased,Synthetic
2326,Old people can't learn tech,No,Ageism,Biased,Synthetic
2327,Young people are irresponsible,No,Ageism,Biased,Synthetic
2328,Old people can't learn tech,No,Ageism,Biased,Synthetic
2329,Young people are irresponsible,No,Ageism,Biased,Synthetic
2330,Old people can't learn tech,No,Ageism,Biased,Synthetic
2331,He is too old to work,No,Ageism,Biased,Synthetic
2332,Old people can't learn tech,No,Ageism,Biased,Synthetic
2333,Young people are irresponsible,No,Ageism,Biased,Synthetic
2334,Young people are irresponsible,No,Ageism,Biased,Synthetic
2335,He is too old to work,No,Ageism,Biased,Synthetic
2336,He is too old to work,No,Ageism,Biased,Synthetic
2337,He is too old to work,No,Ageism,Biased,Synthetic
2338,Old people can't learn tech,No,Ageism,Biased,Synthetic
2339,Old people can't learn tech,No,Ageism,Biased,Synthetic
2340,He is too old to work,No,Ageism,Biased,Synthetic
2341,Old people can't learn tech,No,Ageism,Biased,Synthetic
2342,Old people can't learn tech,No,Ageism,Biased,Synthetic
2343,Old people can't learn tech,No,Ageism,Biased,Synthetic
2344,Young people are irresponsible,No,Ageism,Biased,Synthetic
2345,Old people can't learn tech,No,Ageism,Biased,Synthetic
2346,He is too old to work,No,Ageism,Biased,Synthetic
2347,Young people are irresponsible,No,Ageism,Biased,Synthetic
2348,Young people are irresponsible,No,Ageism,Biased,Synthetic
2349,Old people can't learn tech,No,Ageism,Biased,Synthetic
2350,Old people can't learn tech,No,Ageism,Biased,Synthetic
2351,He is too old to work,No,Ageism,Biased,Synthetic
2352,He is too old to work,No,Ageism,Biased,Synthetic
2353,He is too old to work,No,Ageism,Biased,Synthetic
2354,Young people are irresponsible,No,Ageism,Biased,Synthetic
2355,He is too old to work,No,Ageism,Biased,Synthetic
2356,Young people are irresponsible,No,Ageism,Biased,Synthetic
2357,Old people can't learn tech,No,Ageism,Biased,Synthetic
2358,Old people can't learn tech,No,Ageism,Biased,Synthetic
2359,Old people can't learn tech,No,Ageism,Biased,Synthetic
2360,He is too old to work,No,Ageism,Biased,Synthetic
2361,He is too old to work,No,Ageism,Biased,Synthetic
2362,He is too old to work,No,Ageism,Biased,Synthetic
2363,He is too old to work,No,Ageism,Biased,Synthetic
2364,Old people can't learn tech,No,Ageism,Biased,Synthetic
2365,Old people can't learn tech,No,Ageism,Biased,Synthetic
2366,He is too old to work,No,Ageism,Biased,Synthetic
2367,He is too old to work,No,Ageism,Biased,Synthetic
2368,Young people are irresponsible,No,Ageism,Biased,Synthetic
2369,Young people are irresponsible,No,Ageism,Biased,Synthetic
2370,Young people are irresponsible,No,Ageism,Biased,Synthetic
2371,He is too old to work,No,Ageism,Biased,Synthetic
2372,Old people can't learn tech,No,Ageism,Biased,Synthetic
2373,Old people can't learn tech,No,Ageism,Biased,Synthetic
2374,Old people can't learn tech,No,Ageism,Biased,Synthetic
2375,Young people are irresponsible,No,Ageism,Biased,Synthetic
2376,Young people are irresponsible,No,Ageism,Biased,Synthetic
2377,Young people are irresponsible,No,Ageism,Biased,Synthetic
2378,Old people can't learn tech,No,Ageism,Biased,Synthetic
2379,He is too old to work,No,Ageism,Biased,Synthetic
2380,Old people can't learn tech,No,Ageism,Biased,Synthetic
2381,Young people are irresponsible,No,Ageism,Biased,Synthetic
2382,He is too old to work,No,Ageism,Biased,Synthetic
2383,Old people can't learn tech,No,Ageism,Biased,Synthetic
2384,Young people are irresponsible,No,Ageism,Biased,Synthetic
2385,Old people can't learn tech,No,Ageism,Biased,Synthetic
2386,Young people are irresponsible,No,Ageism,Biased,Synthetic
2387,Young people are irresponsible,No,Ageism,Biased,Synthetic
2388,He is too old to work,No,Ageism,Biased,Synthetic
2389,He is too old to work,No,Ageism,Biased,Synthetic
2390,Young people are irresponsible,No,Ageism,Biased,Synthetic
2391,Young people are irresponsible,No,Ageism,Biased,Synthetic
2392,He is too old to work,No,Ageism,Biased,Synthetic
2393,Young people are irresponsible,No,Ageism,Biased,Synthetic
2394,He is too old to work,No,Ageism,Biased,Synthetic
2395,He is too old to work,No,Ageism,Biased,Synthetic
2396,Old people can't learn tech,No,Ageism,Biased,Synthetic
2397,Old people can't learn tech,No,Ageism,Biased,Synthetic
2398,He is too old to work,No,Ageism,Biased,Synthetic
2399,Old people can't learn tech,No,Ageism,Biased,Synthetic
2400,Old people can't learn tech,No,Ageism,Biased,Synthetic
2401,He is too old to work,No,Ageism,Biased,Synthetic
2402,Old people can't learn tech,No,Ageism,Biased,Synthetic
2403,Old people can't learn tech,No,Ageism,Biased,Synthetic
2404,Old people can't learn tech,No,Ageism,Biased,Synthetic
2405,Old people can't learn tech,No,Ageism,Biased,Synthetic
2406,Young people are irresponsible,No,Ageism,Biased,Synthetic
2407,Young people are irresponsible,No,Ageism,Biased,Synthetic
2408,Young people are irresponsible,No,Ageism,Biased,Synthetic
2409,Young people are irresponsible,No,Ageism,Biased,Synthetic
2410,Old people can't learn tech,No,Ageism,Biased,Synthetic
2411,Old people can't learn tech,No,Ageism,Biased,Synthetic
2412,He is too old to work,No,Ageism,Biased,Synthetic
2413,Old people can't learn tech,No,Ageism,Biased,Synthetic
2414,Old people can't learn tech,No,Ageism,Biased,Synthetic
2415,Old people can't learn tech,No,Ageism,Biased,Synthetic
2416,Young people are irresponsible,No,Ageism,Biased,Synthetic
2417,Old people can't learn tech,No,Ageism,Biased,Synthetic
2418,He is too old to work,No,Ageism,Biased,Synthetic
2419,Old people can't learn tech,No,Ageism,Biased,Synthetic
2420,Old people can't learn tech,No,Ageism,Biased,Synthetic
2421,Old people can't learn tech,No,Ageism,Biased,Synthetic
2422,He is too old to work,No,Ageism,Biased,Synthetic
2423,He is too old to work,No,Ageism,Biased,Synthetic
2424,He is too old to work,No,Ageism,Biased,Synthetic
2425,Young people are irresponsible,No,Ageism,Biased,Synthetic
2426,Old people can't learn tech,No,Ageism,Biased,Synthetic
2427,Young people are irresponsible,No,Ageism,Biased,Synthetic
2428,Old people can't learn tech,No,Ageism,Biased,Synthetic
2429,Young people are irresponsible,No,Ageism,Biased,Synthetic
2430,Old people can't learn tech,No,Ageism,Biased,Synthetic
2431,He is too old to work,No,Ageism,Biased,Synthetic
2432,Young people are irresponsible,No,Ageism,Biased,Synthetic
2433,He is too old to work,No,Ageism,Biased,Synthetic
2434,He is too old to work,No,Ageism,Biased,Synthetic
2435,Young people are irresponsible,No,Ageism,Biased,Synthetic
2436,He is too old to work,No,Ageism,Biased,Synthetic
2437,Old people can't learn tech,No,Ageism,Biased,Synthetic
2438,Old people can't learn tech,No,Ageism,Biased,Synthetic
2439,He is too old to work,No,Ageism,Biased,Synthetic
2440,He is too old to work,No,Ageism,Biased,Synthetic
2441,Old people can't learn tech,No,Ageism,Biased,Synthetic
2442,He is too old to work,No,Ageism,Biased,Synthetic
2443,Old people can't learn tech,No,Ageism,Biased,Synthetic
2444,He is too old to work,No,Ageism,Biased,Synthetic
2445,Old people can't learn tech,No,Ageism,Biased,Synthetic
2446,Young people are irresponsible,No,Ageism,Biased,Synthetic
2447,Young people are irresponsible,No,Ageism,Biased,Synthetic
2448,Young people are irresponsible,No,Ageism,Biased,Synthetic
2449,Old people can't learn tech,No,Ageism,Biased,Synthetic
2450,Young people are irresponsible,No,Ageism,Biased,Synthetic
2451,Being gay is unnatural,No,Homophobia,Biased,Synthetic
2452,Being gay is unnatural,No,Homophobia,Biased,Synthetic
2453,Being gay is unnatural,No,Homophobia,Biased,Synthetic
2454,I feel uncomfortable around LGBTQ people,No,Homophobia,Biased,Synthetic
2455,That behavior is not normal,No,Homophobia,Biased,Synthetic
2456,That behavior is not normal,No,Homophobia,Biased,Synthetic
2457,That behavior is not normal,No,Homophobia,Biased,Synthetic
2458,That behavior is not normal,No,Homophobia,Biased,Synthetic
2459,That behavior is not normal,No,Homophobia,Biased,Synthetic
2460,I feel uncomfortable around LGBTQ people,No,Homophobia,Biased,Synthetic
2461,I feel uncomfortable around LGBTQ people,No,Homophobia,Biased,Synthetic
2462,That behavior is not normal,No,Homophobia,Biased,Synthetic
2463,That behavior is not normal,No,Homophobia,Biased,Synthetic
2464,Being gay is unnatural,No,Homophobia,Biased,Synthetic
2465,I feel uncomfortable around LGBTQ people,No,Homophobia,Biased,Synthetic
2466,That behavior is not normal,No,Homophobia,Biased,Synthetic
2467,I feel uncomfortable around LGBTQ people,No,Homophobia,Biased,Synthetic
2468,That behavior is not normal,No,Homophobia,Biased,Synthetic
2469,Being gay is unnatural,No,Homophobia,Biased,Synthetic
2470,Being gay is unnatural,No,Homophobia,Biased,Synthetic
2471,That behavior is not normal,No,Homophobia,Biased,Synthetic
2472,Being gay is unnatural,No,Homophobia,Biased,Synthetic
2473,I feel uncomfortable around LGBTQ people,No,Homophobia,Biased,Synthetic
2474,That behavior is not normal,No,Homophobia,Biased,Synthetic
2475,Being gay is unnatural,No,Homophobia,Biased,Synthetic
2476,I feel uncomfortable around LGBTQ people,No,Homophobia,Biased,Synthetic
2477,Being gay is unnatural,No,Homophobia,Biased,Synthetic
2478,That behavior is not normal,No,Homophobia,Biased,Synthetic
2479,I feel uncomfortable around LGBTQ people,No,Homophobia,Biased,Synthetic
2480,I feel uncomfortable around LGBTQ people,No,Homophobia,Biased,Synthetic
2481,I feel uncomfortable around LGBTQ people,No,Homophobia,Biased,Synthetic
2482,Being gay is unnatural,No,Homophobia,Biased,Synthetic
2483,Being gay is unnatural,No,Homophobia,Biased,Synthetic
2484,Being gay is unnatural,No,Homophobia,Biased,Synthetic
2485,I feel uncomfortable around LGBTQ people,No,Homophobia,Biased,Synthetic
2486,I feel uncomfortable around LGBTQ people,No,Homophobia,Biased,Synthetic
2487,Being gay is unnatural,No,Homophobia,Biased,Synthetic
2488,Being gay is unnatural,No,Homophobia,Biased,Synthetic
2489,Being gay is unnatural,No,Homophobia,Biased,Synthetic
2490,That behavior is not normal,No,Homophobia,Biased,Synthetic
2491,That behavior is not normal,No,Homophobia,Biased,Synthetic
2492,That behavior is not normal,No,Homophobia,Biased,Synthetic
2493,I feel uncomfortable around LGBTQ people,No,Homophobia,Biased,Synthetic
2494,Being gay is unnatural,No,Homophobia,Biased,Synthetic
2495,Being gay is unnatural,No,Homophobia,Biased,Synthetic
2496,That behavior is not normal,No,Homophobia,Biased,Synthetic
2497,Being gay is unnatural,No,Homophobia,Biased,Synthetic
2498,I feel uncomfortable around LGBTQ people,No,Homophobia,Biased,Synthetic
2499,Being gay is unnatural,No,Homophobia,Biased,Synthetic
2500,That behavior is not normal,No,Homophobia,Biased,Synthetic
2501,Being gay is unnatural,No,Homophobia,Biased,Synthetic
2502,That behavior is not normal,No,Homophobia,Biased,Synthetic
2503,That behavior is not normal,No,Homophobia,Biased,Synthetic
2504,I feel uncomfortable around LGBTQ people,No,Homophobia,Biased,Synthetic
2505,Being gay is unnatural,No,Homophobia,Biased,Synthetic
2506,Being gay is unnatural,No,Homophobia,Biased,Synthetic
2507,That behavior is not normal,No,Homophobia,Biased,Synthetic
2508,I feel uncomfortable around LGBTQ people,No,Homophobia,Biased,Synthetic
2509,I feel uncomfortable around LGBTQ people,No,Homophobia,Biased,Synthetic
2510,That behavior is not normal,No,Homophobia,Biased,Synthetic
2511,That behavior is not normal,No,Homophobia,Biased,Synthetic
2512,That behavior is not normal,No,Homophobia,Biased,Synthetic
2513,I feel uncomfortable around LGBTQ people,No,Homophobia,Biased,Synthetic
2514,Being gay is unnatural,No,Homophobia,Biased,Synthetic
2515,Being gay is unnatural,No,Homophobia,Biased,Synthetic
2516,That behavior is not normal,No,Homophobia,Biased,Synthetic
2517,That behavior is not normal,No,Homophobia,Biased,Synthetic
2518,I feel uncomfortable around LGBTQ people,No,Homophobia,Biased,Synthetic
2519,Being gay is unnatural,No,Homophobia,Biased,Synthetic
2520,Being gay is unnatural,No,Homophobia,Biased,Synthetic
2521,I feel uncomfortable around LGBTQ people,No,Homophobia,Biased,Synthetic
2522,I feel uncomfortable around LGBTQ people,No,Homophobia,Biased,Synthetic
2523,I feel uncomfortable around LGBTQ people,No,Homophobia,Biased,Synthetic
2524,That behavior is not normal,No,Homophobia,Biased,Synthetic
2525,That behavior is not normal,No,Homophobia,Biased,Synthetic
2526,Being gay is unnatural,No,Homophobia,Biased,Synthetic
2527,Being gay is unnatural,No,Homophobia,Biased,Synthetic
2528,That behavior is not normal,No,Homophobia,Biased,Synthetic
2529,Being gay is unnatural,No,Homophobia,Biased,Synthetic
2530,I feel uncomfortable around LGBTQ people,No,Homophobia,Biased,Synthetic
2531,That behavior is not normal,No,Homophobia,Biased,Synthetic
2532,That behavior is not normal,No,Homophobia,Biased,Synthetic
2533,That behavior is not normal,No,Homophobia,Biased,Synthetic
2534,I feel uncomfortable around LGBTQ people,No,Homophobia,Biased,Synthetic
2535,That behavior is not normal,No,Homophobia,Biased,Synthetic
2536,That behavior is not normal,No,Homophobia,Biased,Synthetic
2537,That behavior is not normal,No,Homophobia,Biased,Synthetic
2538,I feel uncomfortable around LGBTQ people,No,Homophobia,Biased,Synthetic
2539,Being gay is unnatural,No,Homophobia,Biased,Synthetic
2540,Being gay is unnatural,No,Homophobia,Biased,Synthetic
2541,Being gay is unnatural,No,Homophobia,Biased,Synthetic
2542,I feel uncomfortable around LGBTQ people,No,Homophobia,Biased,Synthetic
2543,That behavior is not normal,No,Homophobia,Biased,Synthetic
2544,Being gay is unnatural,No,Homophobia,Biased,Synthetic
2545,I feel uncomfortable around LGBTQ people,No,Homophobia,Biased,Synthetic
2546,That behavior is not normal,No,Homophobia,Biased,Synthetic
2547,I feel uncomfortable around LGBTQ people,No,Homophobia,Biased,Synthetic
2548,That behavior is not normal,No,Homophobia,Biased,Synthetic
2549,Being gay is unnatural,No,Homophobia,Biased,Synthetic
2550,I feel uncomfortable around LGBTQ people,No,Homophobia,Biased,Synthetic
2551,That behavior is not normal,No,Homophobia,Biased,Synthetic
2552,I feel uncomfortable around LGBTQ people,No,Homophobia,Biased,Synthetic
2553,That behavior is not normal,No,Homophobia,Biased,Synthetic
2554,Being gay is unnatural,No,Homophobia,Biased,Synthetic
2555,I feel uncomfortable around LGBTQ people,No,Homophobia,Biased,Synthetic
2556,I feel uncomfortable around LGBTQ people,No,Homophobia,Biased,Synthetic
2557,Being gay is unnatural,No,Homophobia,Biased,Synthetic
2558,Being gay is unnatural,No,Homophobia,Biased,Synthetic
2559,That behavior is not normal,No,Homophobia,Biased,Synthetic
2560,Being gay is unnatural,No,Homophobia,Biased,Synthetic
2561,Being gay is unnatural,No,Homophobia,Biased,Synthetic
2562,I feel uncomfortable around LGBTQ people,No,Homophobia,Biased,Synthetic
2563,That behavior is not normal,No,Homophobia,Biased,Synthetic
2564,I feel uncomfortable around LGBTQ people,No,Homophobia,Biased,Synthetic
2565,That behavior is not normal,No,Homophobia,Biased,Synthetic
2566,Being gay is unnatural,No,Homophobia,Biased,Synthetic
2567,That behavior is not normal,No,Homophobia,Biased,Synthetic
2568,I feel uncomfortable around LGBTQ people,No,Homophobia,Biased,Synthetic
2569,Being gay is unnatural,No,Homophobia,Biased,Synthetic
2570,Being gay is unnatural,No,Homophobia,Biased,Synthetic
2571,That behavior is not normal,No,Homophobia,Biased,Synthetic
2572,Being gay is unnatural,No,Homophobia,Biased,Synthetic
2573,Being gay is unnatural,No,Homophobia,Biased,Synthetic
2574,Being gay is unnatural,No,Homophobia,Biased,Synthetic
2575,I feel uncomfortable around LGBTQ people,No,Homophobia,Biased,Synthetic
2576,I feel uncomfortable around LGBTQ people,No,Homophobia,Biased,Synthetic
2577,I feel uncomfortable around LGBTQ people,No,Homophobia,Biased,Synthetic
2578,Being gay is unnatural,No,Homophobia,Biased,Synthetic
2579,Being gay is unnatural,No,Homophobia,Biased,Synthetic
2580,That behavior is not normal,No,Homophobia,Biased,Synthetic
2581,Being gay is unnatural,No,Homophobia,Biased,Synthetic
2582,Being gay is unnatural,No,Homophobia,Biased,Synthetic
2583,Being gay is unnatural,No,Homophobia,Biased,Synthetic
2584,Being gay is unnatural,No,Homophobia,Biased,Synthetic
2585,I feel uncomfortable around LGBTQ people,No,Homophobia,Biased,Synthetic
2586,I feel uncomfortable around LGBTQ people,No,Homophobia,Biased,Synthetic
2587,That behavior is not normal,No,Homophobia,Biased,Synthetic
2588,That behavior is not normal,No,Homophobia,Biased,Synthetic
2589,That behavior is not normal,No,Homophobia,Biased,Synthetic
2590,Being gay is unnatural,No,Homophobia,Biased,Synthetic
2591,That behavior is not normal,No,Homophobia,Biased,Synthetic
2592,That behavior is not normal,No,Homophobia,Biased,Synthetic
2593,I feel uncomfortable around LGBTQ people,No,Homophobia,Biased,Synthetic
2594,I feel uncomfortable around LGBTQ people,No,Homophobia,Biased,Synthetic
2595,I feel uncomfortable around LGBTQ people,No,Homophobia,Biased,Synthetic
2596,Being gay is unnatural,No,Homophobia,Biased,Synthetic
2597,I feel uncomfortable around LGBTQ people,No,Homophobia,Biased,Synthetic
2598,That behavior is not normal,No,Homophobia,Biased,Synthetic
2599,That behavior is not normal,No,Homophobia,Biased,Synthetic
2600,That behavior is not normal,No,Homophobia,Biased,Synthetic
2601,I feel uncomfortable around LGBTQ people,No,Homophobia,Biased,Synthetic
2602,Being gay is unnatural,No,Homophobia,Biased,Synthetic
2603,That behavior is not normal,No,Homophobia,Biased,Synthetic
2604,That behavior is not normal,No,Homophobia,Biased,Synthetic
2605,I feel uncomfortable around LGBTQ people,No,Homophobia,Biased,Synthetic
2606,That behavior is not normal,No,Homophobia,Biased,Synthetic
2607,I feel uncomfortable around LGBTQ people,No,Homophobia,Biased,Synthetic
2608,I feel uncomfortable around LGBTQ people,No,Homophobia,Biased,Synthetic
2609,That behavior is not normal,No,Homophobia,Biased,Synthetic
2610,That behavior is not normal,No,Homophobia,Biased,Synthetic
2611,Being gay is unnatural,No,Homophobia,Biased,Synthetic
2612,I feel uncomfortable around LGBTQ people,No,Homophobia,Biased,Synthetic
2613,Being gay is unnatural,No,Homophobia,Biased,Synthetic
2614,Being gay is unnatural,No,Homophobia,Biased,Synthetic
2615,I feel uncomfortable around LGBTQ people,No,Homophobia,Biased,Synthetic
2616,I feel uncomfortable around LGBTQ people,No,Homophobia,Biased,Synthetic
2617,I feel uncomfortable around LGBTQ people,No,Homophobia,Biased,Synthetic
2618,I feel uncomfortable around LGBTQ people,No,Homophobia,Biased,Synthetic
2619,I feel uncomfortable around LGBTQ people,No,Homophobia,Biased,Synthetic
2620,Being gay is unnatural,No,Homophobia,Biased,Synthetic
2621,That behavior is not normal,No,Homophobia,Biased,Synthetic
2622,Being gay is unnatural,No,Homophobia,Biased,Synthetic
2623,I feel uncomfortable around LGBTQ people,No,Homophobia,Biased,Synthetic
2624,I feel uncomfortable around LGBTQ people,No,Homophobia,Biased,Synthetic
2625,Being gay is unnatural,No,Homophobia,Biased,Synthetic
2626,Being gay is unnatural,No,Homophobia,Biased,Synthetic
2627,Being gay is unnatural,No,Homophobia,Biased,Synthetic
2628,That behavior is not normal,No,Homophobia,Biased,Synthetic
2629,I feel uncomfortable around LGBTQ people,No,Homophobia,Biased,Synthetic
2630,That behavior is not normal,No,Homophobia,Biased,Synthetic
2631,I feel uncomfortable around LGBTQ people,No,Homophobia,Biased,Synthetic
2632,Being gay is unnatural,No,Homophobia,Biased,Synthetic
2633,I feel uncomfortable around LGBTQ people,No,Homophobia,Biased,Synthetic
2634,I feel uncomfortable around LGBTQ people,No,Homophobia,Biased,Synthetic
2635,I feel uncomfortable around LGBTQ people,No,Homophobia,Biased,Synthetic
2636,I feel uncomfortable around LGBTQ people,No,Homophobia,Biased,Synthetic
2637,That behavior is not normal,No,Homophobia,Biased,Synthetic
2638,That behavior is not normal,No,Homophobia,Biased,Synthetic
2639,That behavior is not normal,No,Homophobia,Biased,Synthetic
2640,That behavior is not normal,No,Homophobia,Biased,Synthetic
2641,I feel uncomfortable around LGBTQ people,No,Homophobia,Biased,Synthetic
2642,I feel uncomfortable around LGBTQ people,No,Homophobia,Biased,Synthetic
2643,That behavior is not normal,No,Homophobia,Biased,Synthetic
2644,That behavior is not normal,No,Homophobia,Biased,Synthetic
2645,That behavior is not normal,No,Homophobia,Biased,Synthetic
2646,That behavior is not normal,No,Homophobia,Biased,Synthetic
2647,Being gay is unnatural,No,Homophobia,Biased,Synthetic
2648,Being gay is unnatural,No,Homophobia,Biased,Synthetic
2649,I feel uncomfortable around LGBTQ people,No,Homophobia,Biased,Synthetic
2650,That behavior is not normal,No,Homophobia,Biased,Synthetic
2651,That behavior is not normal,No,Homophobia,Biased,Synthetic
2652,Being gay is unnatural,No,Homophobia,Biased,Synthetic
2653,That behavior is not normal,No,Homophobia,Biased,Synthetic
2654,Being gay is unnatural,No,Homophobia,Biased,Synthetic
2655,Being gay is unnatural,No,Homophobia,Biased,Synthetic
2656,Being gay is unnatural,No,Homophobia,Biased,Synthetic
2657,Being gay is unnatural,No,Homophobia,Biased,Synthetic
2658,Being gay is unnatural,No,Homophobia,Biased,Synthetic
2659,That behavior is not normal,No,Homophobia,Biased,Synthetic
2660,Being gay is unnatural,No,Homophobia,Biased,Synthetic
2661,I feel uncomfortable around LGBTQ people,No,Homophobia,Biased,Synthetic
2662,That behavior is not normal,No,Homophobia,Biased,Synthetic
2663,I feel uncomfortable around LGBTQ people,No,Homophobia,Biased,Synthetic
2664,Being gay is unnatural,No,Homophobia,Biased,Synthetic
2665,Being gay is unnatural,No,Homophobia,Biased,Synthetic
2666,That behavior is not normal,No,Homophobia,Biased,Synthetic
2667,I feel uncomfortable around LGBTQ people,No,Homophobia,Biased,Synthetic
2668,Being gay is unnatural,No,Homophobia,Biased,Synthetic
2669,Being gay is unnatural,No,Homophobia,Biased,Synthetic
2670,Being gay is unnatural,No,Homophobia,Biased,Synthetic
2671,That behavior is not normal,No,Homophobia,Biased,Synthetic
2672,I feel uncomfortable around LGBTQ people,No,Homophobia,Biased,Synthetic
2673,I feel uncomfortable around LGBTQ people,No,Homophobia,Biased,Synthetic
2674,I feel uncomfortable around LGBTQ people,No,Homophobia,Biased,Synthetic
2675,Being gay is unnatural,No,Homophobia,Biased,Synthetic
2676,I feel uncomfortable around LGBTQ people,No,Homophobia,Biased,Synthetic
2677,Being gay is unnatural,No,Homophobia,Biased,Synthetic
2678,Being gay is unnatural,No,Homophobia,Biased,Synthetic
2679,I feel uncomfortable around LGBTQ people,No,Homophobia,Biased,Synthetic
2680,I feel uncomfortable around LGBTQ people,No,Homophobia,Biased,Synthetic
2681,Being gay is unnatural,No,Homophobia,Biased,Synthetic
2682,That behavior is not normal,No,Homophobia,Biased,Synthetic
2683,Being gay is unnatural,No,Homophobia,Biased,Synthetic
2684,That behavior is not normal,No,Homophobia,Biased,Synthetic
2685,That behavior is not normal,No,Homophobia,Biased,Synthetic
2686,That behavior is not normal,No,Homophobia,Biased,Synthetic
2687,That behavior is not normal,No,Homophobia,Biased,Synthetic
2688,That behavior is not normal,No,Homophobia,Biased,Synthetic
2689,Being gay is unnatural,No,Homophobia,Biased,Synthetic
2690,That behavior is not normal,No,Homophobia,Biased,Synthetic
2691,That behavior is not normal,No,Homophobia,Biased,Synthetic
2692,That behavior is not normal,No,Homophobia,Biased,Synthetic
2693,Being gay is unnatural,No,Homophobia,Biased,Synthetic
2694,I feel uncomfortable around LGBTQ people,No,Homophobia,Biased,Synthetic
2695,Being gay is unnatural,No,Homophobia,Biased,Synthetic
2696,That behavior is not normal,No,Homophobia,Biased,Synthetic
2697,I feel uncomfortable around LGBTQ people,No,Homophobia,Biased,Synthetic
2698,Being gay is unnatural,No,Homophobia,Biased,Synthetic
2699,I feel uncomfortable around LGBTQ people,No,Homophobia,Biased,Synthetic
2700,That behavior is not normal,No,Homophobia,Biased,Synthetic
2701,Being gay is unnatural,No,Homophobia,Biased,Synthetic
2702,That behavior is not normal,No,Homophobia,Biased,Synthetic
2703,I feel uncomfortable around LGBTQ people,No,Homophobia,Biased,Synthetic
2704,Being gay is unnatural,No,Homophobia,Biased,Synthetic
2705,I feel uncomfortable around LGBTQ people,No,Homophobia,Biased,Synthetic
2706,I feel uncomfortable around LGBTQ people,No,Homophobia,Biased,Synthetic
2707,That behavior is not normal,No,Homophobia,Biased,Synthetic
2708,That behavior is not normal,No,Homophobia,Biased,Synthetic
2709,I feel uncomfortable around LGBTQ people,No,Homophobia,Biased,Synthetic
2710,That behavior is not normal,No,Homophobia,Biased,Synthetic
2711,Being gay is unnatural,No,Homophobia,Biased,Synthetic
2712,I feel uncomfortable around LGBTQ people,No,Homophobia,Biased,Synthetic
2713,Being gay is unnatural,No,Homophobia,Biased,Synthetic
2714,That behavior is not normal,No,Homophobia,Biased,Synthetic
2715,That behavior is not normal,No,Homophobia,Biased,Synthetic
2716,That behavior is not normal,No,Homophobia,Biased,Synthetic
2717,I feel uncomfortable around LGBTQ people,No,Homophobia,Biased,Synthetic
2718,That behavior is not normal,No,Homophobia,Biased,Synthetic
2719,That behavior is not normal,No,Homophobia,Biased,Synthetic
2720,I feel uncomfortable around LGBTQ people,No,Homophobia,Biased,Synthetic
2721,That behavior is not normal,No,Homophobia,Biased,Synthetic
2722,I feel uncomfortable around LGBTQ people,No,Homophobia,Biased,Synthetic
2723,I feel uncomfortable around LGBTQ people,No,Homophobia,Biased,Synthetic
2724,I feel uncomfortable around LGBTQ people,No,Homophobia,Biased,Synthetic
2725,I feel uncomfortable around LGBTQ people,No,Homophobia,Biased,Synthetic
2726,Being gay is unnatural,No,Homophobia,Biased,Synthetic
2727,That behavior is not normal,No,Homophobia,Biased,Synthetic
2728,That behavior is not normal,No,Homophobia,Biased,Synthetic
2729,Being gay is unnatural,No,Homophobia,Biased,Synthetic
2730,I feel uncomfortable around LGBTQ people,No,Homophobia,Biased,Synthetic
2731,That behavior is not normal,No,Homophobia,Biased,Synthetic
2732,Being gay is unnatural,No,Homophobia,Biased,Synthetic
2733,Being gay is unnatural,No,Homophobia,Biased,Synthetic
2734,Being gay is unnatural,No,Homophobia,Biased,Synthetic
2735,Being gay is unnatural,No,Homophobia,Biased,Synthetic
2736,That behavior is not normal,No,Homophobia,Biased,Synthetic
2737,I feel uncomfortable around LGBTQ people,No,Homophobia,Biased,Synthetic
2738,I feel uncomfortable around LGBTQ people,No,Homophobia,Biased,Synthetic
2739,I feel uncomfortable around LGBTQ people,No,Homophobia,Biased,Synthetic
2740,That behavior is not normal,No,Homophobia,Biased,Synthetic
2741,Being gay is unnatural,No,Homophobia,Biased,Synthetic
2742,That behavior is not normal,No,Homophobia,Biased,Synthetic
2743,Being gay is unnatural,No,Homophobia,Biased,Synthetic
2744,I feel uncomfortable around LGBTQ people,No,Homophobia,Biased,Synthetic
2745,I feel uncomfortable around LGBTQ people,No,Homophobia,Biased,Synthetic
2746,That behavior is not normal,No,Homophobia,Biased,Synthetic
2747,Being gay is unnatural,No,Homophobia,Biased,Synthetic
2748,Being gay is unnatural,No,Homophobia,Biased,Synthetic
2749,That behavior is not normal,No,Homophobia,Biased,Synthetic
2750,I feel uncomfortable around LGBTQ people,No,Homophobia,Biased,Synthetic
2751,Being gay is unnatural,No,Homophobia,Biased,Synthetic
2752,That behavior is not normal,No,Homophobia,Biased,Synthetic
2753,I feel uncomfortable around LGBTQ people,No,Homophobia,Biased,Synthetic
2754,Being gay is unnatural,No,Homophobia,Biased,Synthetic
2755,I feel uncomfortable around LGBTQ people,No,Homophobia,Biased,Synthetic
2756,I feel uncomfortable around LGBTQ people,No,Homophobia,Biased,Synthetic
2757,That behavior is not normal,No,Homophobia,Biased,Synthetic
2758,Being gay is unnatural,No,Homophobia,Biased,Synthetic
2759,Being gay is unnatural,No,Homophobia,Biased,Synthetic
2760,I feel uncomfortable around LGBTQ people,No,Homophobia,Biased,Synthetic
2761,I feel uncomfortable around LGBTQ people,No,Homophobia,Biased,Synthetic
2762,Being gay is unnatural,No,Homophobia,Biased,Synthetic
2763,Being gay is unnatural,No,Homophobia,Biased,Synthetic
2764,That behavior is not normal,No,Homophobia,Biased,Synthetic
2765,That behavior is not normal,No,Homophobia,Biased,Synthetic
2766,Being gay is unnatural,No,Homophobia,Biased,Synthetic
2767,Being gay is unnatural,No,Homophobia,Biased,Synthetic
2768,I feel uncomfortable around LGBTQ people,No,Homophobia,Biased,Synthetic
2769,I feel uncomfortable around LGBTQ people,No,Homophobia,Biased,Synthetic
2770,Being gay is unnatural,No,Homophobia,Biased,Synthetic
2771,That behavior is not normal,No,Homophobia,Biased,Synthetic
2772,That behavior is not normal,No,Homophobia,Biased,Synthetic
2773,I feel uncomfortable around LGBTQ people,No,Homophobia,Biased,Synthetic
2774,Being gay is unnatural,No,Homophobia,Biased,Synthetic
2775,I feel uncomfortable around LGBTQ people,No,Homophobia,Biased,Synthetic
2776,I feel uncomfortable around LGBTQ people,No,Homophobia,Biased,Synthetic
2777,I feel uncomfortable around LGBTQ people,No,Homophobia,Biased,Synthetic
2778,That behavior is not normal,No,Homophobia,Biased,Synthetic
2779,I feel uncomfortable around LGBTQ people,No,Homophobia,Biased,Synthetic
2780,Being gay is unnatural,No,Homophobia,Biased,Synthetic
2781,That behavior is not normal,No,Homophobia,Biased,Synthetic
2782,I feel uncomfortable around LGBTQ people,No,Homophobia,Biased,Synthetic
2783,Being gay is unnatural,No,Homophobia,Biased,Synthetic
2784,I feel uncomfortable around LGBTQ people,No,Homophobia,Biased,Synthetic
2785,I feel uncomfortable around LGBTQ people,No,Homophobia,Biased,Synthetic
2786,That behavior is not normal,No,Homophobia,Biased,Synthetic
2787,That behavior is not normal,No,Homophobia,Biased,Synthetic
2788,I feel uncomfortable around LGBTQ people,No,Homophobia,Biased,Synthetic
2789,That behavior is not normal,No,Homophobia,Biased,Synthetic
2790,I feel uncomfortable around LGBTQ people,No,Homophobia,Biased,Synthetic
2791,Being gay is unnatural,No,Homophobia,Biased,Synthetic
2792,I feel uncomfortable around LGBTQ people,No,Homophobia,Biased,Synthetic
2793,I feel uncomfortable around LGBTQ people,No,Homophobia,Biased,Synthetic
2794,Being gay is unnatural,No,Homophobia,Biased,Synthetic
2795,I feel uncomfortable around LGBTQ people,No,Homophobia,Biased,Synthetic
2796,I feel uncomfortable around LGBTQ people,No,Homophobia,Biased,Synthetic
2797,I feel uncomfortable around LGBTQ people,No,Homophobia,Biased,Synthetic
2798,I feel uncomfortable around LGBTQ people,No,Homophobia,Biased,Synthetic
2799,That behavior is not normal,No,Homophobia,Biased,Synthetic
2800,I feel uncomfortable around LGBTQ people,No,Homophobia,Biased,Synthetic
2801,That religion is dangerous,No,Religious Bias,Biased,Synthetic
2802,That religion is dangerous,No,Religious Bias,Biased,Synthetic
2803,That religion is dangerous,No,Religious Bias,Biased,Synthetic
2804,That religion is dangerous,No,Religious Bias,Biased,Synthetic
2805,They are extremists,No,Religious Bias,Biased,Synthetic
2806,I avoid that faith,No,Religious Bias,Biased,Synthetic
2807,That religion is dangerous,No,Religious Bias,Biased,Synthetic
2808,That religion is dangerous,No,Religious Bias,Biased,Synthetic
2809,They are extremists,No,Religious Bias,Biased,Synthetic
2810,They are extremists,No,Religious Bias,Biased,Synthetic
2811,They are extremists,No,Religious Bias,Biased,Synthetic
2812,That religion is dangerous,No,Religious Bias,Biased,Synthetic
2813,That religion is dangerous,No,Religious Bias,Biased,Synthetic
2814,That religion is dangerous,No,Religious Bias,Biased,Synthetic
2815,That religion is dangerous,No,Religious Bias,Biased,Synthetic
2816,That religion is dangerous,No,Religious Bias,Biased,Synthetic
2817,That religion is dangerous,No,Religious Bias,Biased,Synthetic
2818,They are extremists,No,Religious Bias,Biased,Synthetic
2819,That religion is dangerous,No,Religious Bias,Biased,Synthetic
2820,I avoid that faith,No,Religious Bias,Biased,Synthetic
2821,I avoid that faith,No,Religious Bias,Biased,Synthetic
2822,I avoid that faith,No,Religious Bias,Biased,Synthetic
2823,I avoid that faith,No,Religious Bias,Biased,Synthetic
2824,That religion is dangerous,No,Religious Bias,Biased,Synthetic
2825,That religion is dangerous,No,Religious Bias,Biased,Synthetic
2826,They are extremists,No,Religious Bias,Biased,Synthetic
2827,I avoid that faith,No,Religious Bias,Biased,Synthetic
2828,They are extremists,No,Religious Bias,Biased,Synthetic
2829,They are extremists,No,Religious Bias,Biased,Synthetic
2830,That religion is dangerous,No,Religious Bias,Biased,Synthetic
2831,That religion is dangerous,No,Religious Bias,Biased,Synthetic
2832,I avoid that faith,No,Religious Bias,Biased,Synthetic
2833,That religion is dangerous,No,Religious Bias,Biased,Synthetic
2834,That religion is dangerous,No,Religious Bias,Biased,Synthetic
2835,They are extremists,No,Religious Bias,Biased,Synthetic
2836,I avoid that faith,No,Religious Bias,Biased,Synthetic
2837,They are extremists,No,Religious Bias,Biased,Synthetic
2838,I avoid that faith,No,Religious Bias,Biased,Synthetic
2839,I avoid that faith,No,Religious Bias,Biased,Synthetic
2840,I avoid that faith,No,Religious Bias,Biased,Synthetic
2841,They are extremists,No,Religious Bias,Biased,Synthetic
2842,They are extremists,No,Religious Bias,Biased,Synthetic
2843,I avoid that faith,No,Religious Bias,Biased,Synthetic
2844,They are extremists,No,Religious Bias,Biased,Synthetic
2845,I avoid that faith,No,Religious Bias,Biased,Synthetic
2846,I avoid that faith,No,Religious Bias,Biased,Synthetic
2847,I avoid that faith,No,Religious Bias,Biased,Synthetic
2848,I avoid that faith,No,Religious Bias,Biased,Synthetic
2849,They are extremists,No,Religious Bias,Biased,Synthetic
2850,They are extremists,No,Religious Bias,Biased,Synthetic
2851,I avoid that faith,No,Religious Bias,Biased,Synthetic
2852,I avoid that faith,No,Religious Bias,Biased,Synthetic
2853,That religion is dangerous,No,Religious Bias,Biased,Synthetic
2854,I avoid that faith,No,Religious Bias,Biased,Synthetic
2855,I avoid that faith,No,Religious Bias,Biased,Synthetic
2856,I avoid that faith,No,Religious Bias,Biased,Synthetic
2857,They are extremists,No,Religious Bias,Biased,Synthetic
2858,They are extremists,No,Religious Bias,Biased,Synthetic
2859,They are extremists,No,Religious Bias,Biased,Synthetic
2860,I avoid that faith,No,Religious Bias,Biased,Synthetic
2861,They are extremists,No,Religious Bias,Biased,Synthetic
2862,That religion is dangerous,No,Religious Bias,Biased,Synthetic
2863,I avoid that faith,No,Religious Bias,Biased,Synthetic
2864,I avoid that faith,No,Religious Bias,Biased,Synthetic
2865,That religion is dangerous,No,Religious Bias,Biased,Synthetic
2866,They are extremists,No,Religious Bias,Biased,Synthetic
2867,That religion is dangerous,No,Religious Bias,Biased,Synthetic
2868,I avoid that faith,No,Religious Bias,Biased,Synthetic
2869,They are extremists,No,Religious Bias,Biased,Synthetic
2870,That religion is dangerous,No,Religious Bias,Biased,Synthetic
2871,I avoid that faith,No,Religious Bias,Biased,Synthetic
2872,That religion is dangerous,No,Religious Bias,Biased,Synthetic
2873,That religion is dangerous,No,Religious Bias,Biased,Synthetic
2874,They are extremists,No,Religious Bias,Biased,Synthetic
2875,That religion is dangerous,No,Religious Bias,Biased,Synthetic
2876,I avoid that faith,No,Religious Bias,Biased,Synthetic
2877,I avoid that faith,No,Religious Bias,Biased,Synthetic
2878,I avoid that faith,No,Religious Bias,Biased,Synthetic
2879,That religion is dangerous,No,Religious Bias,Biased,Synthetic
2880,I avoid that faith,No,Religious Bias,Biased,Synthetic
2881,They are extremists,No,Religious Bias,Biased,Synthetic
2882,I avoid that faith,No,Religious Bias,Biased,Synthetic
2883,I avoid that faith,No,Religious Bias,Biased,Synthetic
2884,That religion is dangerous,No,Religious Bias,Biased,Synthetic
2885,I avoid that faith,No,Religious Bias,Biased,Synthetic
2886,That religion is dangerous,No,Religious Bias,Biased,Synthetic
2887,That religion is dangerous,No,Religious Bias,Biased,Synthetic
2888,I avoid that faith,No,Religious Bias,Biased,Synthetic
2889,That religion is dangerous,No,Religious Bias,Biased,Synthetic
2890,I avoid that faith,No,Religious Bias,Biased,Synthetic
2891,I avoid that faith,No,Religious Bias,Biased,Synthetic
2892,That religion is dangerous,No,Religious Bias,Biased,Synthetic
2893,That religion is dangerous,No,Religious Bias,Biased,Synthetic
2894,That religion is dangerous,No,Religious Bias,Biased,Synthetic
2895,I avoid that faith,No,Religious Bias,Biased,Synthetic
2896,I avoid that faith,No,Religious Bias,Biased,Synthetic
2897,I avoid that faith,No,Religious Bias,Biased,Synthetic
2898,I avoid that faith,No,Religious Bias,Biased,Synthetic
2899,That religion is dangerous,No,Religious Bias,Biased,Synthetic
2900,They are extremists,No,Religious Bias,Biased,Synthetic
2901,That religion is dangerous,No,Religious Bias,Biased,Synthetic
2902,I avoid that faith,No,Religious Bias,Biased,Synthetic
2903,That religion is dangerous,No,Religious Bias,Biased,Synthetic
2904,That religion is dangerous,No,Religious Bias,Biased,Synthetic
2905,I avoid that faith,No,Religious Bias,Biased,Synthetic
2906,That religion is dangerous,No,Religious Bias,Biased,Synthetic
2907,They are extremists,No,Religious Bias,Biased,Synthetic
2908,They are extremists,No,Religious Bias,Biased,Synthetic
2909,That religion is dangerous,No,Religious Bias,Biased,Synthetic
2910,They are extremists,No,Religious Bias,Biased,Synthetic
2911,They are extremists,No,Religious Bias,Biased,Synthetic
2912,I avoid that faith,No,Religious Bias,Biased,Synthetic
2913,They are extremists,No,Religious Bias,Biased,Synthetic
2914,They are extremists,No,Religious Bias,Biased,Synthetic
2915,I avoid that faith,No,Religious Bias,Biased,Synthetic
2916,They are extremists,No,Religious Bias,Biased,Synthetic
2917,They are extremists,No,Religious Bias,Biased,Synthetic
2918,That religion is dangerous,No,Religious Bias,Biased,Synthetic
2919,I avoid that faith,No,Religious Bias,Biased,Synthetic
2920,That religion is dangerous,No,Religious Bias,Biased,Synthetic
2921,I avoid that faith,No,Religious Bias,Biased,Synthetic
2922,They are extremists,No,Religious Bias,Biased,Synthetic
2923,That religion is dangerous,No,Religious Bias,Biased,Synthetic
2924,I avoid that faith,No,Religious Bias,Biased,Synthetic
2925,They are extremists,No,Religious Bias,Biased,Synthetic
2926,They are extremists,No,Religious Bias,Biased,Synthetic
2927,That religion is dangerous,No,Religious Bias,Biased,Synthetic
2928,I avoid that faith,No,Religious Bias,Biased,Synthetic
2929,They are extremists,No,Religious Bias,Biased,Synthetic
2930,That religion is dangerous,No,Religious Bias,Biased,Synthetic
2931,They are extremists,No,Religious Bias,Biased,Synthetic
2932,That religion is dangerous,No,Religious Bias,Biased,Synthetic
2933,They are extremists,No,Religious Bias,Biased,Synthetic
2934,I avoid that faith,No,Religious Bias,Biased,Synthetic
2935,That religion is dangerous,No,Religious Bias,Biased,Synthetic
2936,I avoid that faith,No,Religious Bias,Biased,Synthetic
2937,I avoid that faith,No,Religious Bias,Biased,Synthetic
2938,That religion is dangerous,No,Religious Bias,Biased,Synthetic
2939,They are extremists,No,Religious Bias,Biased,Synthetic
2940,I avoid that faith,No,Religious Bias,Biased,Synthetic
2941,That religion is dangerous,No,Religious Bias,Biased,Synthetic
2942,They are extremists,No,Religious Bias,Biased,Synthetic
2943,That religion is dangerous,No,Religious Bias,Biased,Synthetic
2944,They are extremists,No,Religious Bias,Biased,Synthetic
2945,That religion is dangerous,No,Religious Bias,Biased,Synthetic
2946,That religion is dangerous,No,Religious Bias,Biased,Synthetic
2947,They are extremists,No,Religious Bias,Biased,Synthetic
2948,I avoid that faith,No,Religious Bias,Biased,Synthetic
2949,They are extremists,No,Religious Bias,Biased,Synthetic
2950,They are extremists,No,Religious Bias,Biased,Synthetic
2951,I avoid that faith,No,Religious Bias,Biased,Synthetic
2952,I avoid that faith,No,Religious Bias,Biased,Synthetic
2953,I avoid that faith,No,Religious Bias,Biased,Synthetic
2954,I avoid that faith,No,Religious Bias,Biased,Synthetic
2955,They are extremists,No,Religious Bias,Biased,Synthetic
2956,They are extremists,No,Religious Bias,Biased,Synthetic
2957,I avoid that faith,No,Religious Bias,Biased,Synthetic
2958,That religion is dangerous,No,Religious Bias,Biased,Synthetic
2959,That religion is dangerous,No,Religious Bias,Biased,Synthetic
2960,They are extremists,No,Religious Bias,Biased,Synthetic
2961,They are extremists,No,Religious Bias,Biased,Synthetic
2962,That religion is dangerous,No,Religious Bias,Biased,Synthetic
2963,I avoid that faith,No,Religious Bias,Biased,Synthetic
2964,I avoid that faith,No,Religious Bias,Biased,Synthetic
2965,They are extremists,No,Religious Bias,Biased,Synthetic
2966,I avoid that faith,No,Religious Bias,Biased,Synthetic
2967,That religion is dangerous,No,Religious Bias,Biased,Synthetic
2968,That religion is dangerous,No,Religious Bias,Biased,Synthetic
2969,They are extremists,No,Religious Bias,Biased,Synthetic
2970,That religion is dangerous,No,Religious Bias,Biased,Synthetic
2971,I avoid that faith,No,Religious Bias,Biased,Synthetic
2972,They are extremists,No,Religious Bias,Biased,Synthetic
2973,That religion is dangerous,No,Religious Bias,Biased,Synthetic
2974,That religion is dangerous,No,Religious Bias,Biased,Synthetic
2975,I avoid that faith,No,Religious Bias,Biased,Synthetic
2976,I avoid that faith,No,Religious Bias,Biased,Synthetic
2977,That religion is dangerous,No,Religious Bias,Biased,Synthetic
2978,They are extremists,No,Religious Bias,Biased,Synthetic
2979,I avoid that faith,No,Religious Bias,Biased,Synthetic
2980,I avoid that faith,No,Religious Bias,Biased,Synthetic
2981,I avoid that faith,No,Religious Bias,Biased,Synthetic
2982,I avoid that faith,No,Religious Bias,Biased,Synthetic
2983,They are extremists,No,Religious Bias,Biased,Synthetic
2984,That religion is dangerous,No,Religious Bias,Biased,Synthetic
2985,I avoid that faith,No,Religious Bias,Biased,Synthetic
2986,That religion is dangerous,No,Religious Bias,Biased,Synthetic
2987,They are extremists,No,Religious Bias,Biased,Synthetic
2988,I avoid that faith,No,Religious Bias,Biased,Synthetic
2989,They are extremists,No,Religious Bias,Biased,Synthetic
2990,That religion is dangerous,No,Religious Bias,Biased,Synthetic
2991,I avoid that faith,No,Religious Bias,Biased,Synthetic
2992,I avoid that faith,No,Religious Bias,Biased,Synthetic
2993,They are extremists,No,Religious Bias,Biased,Synthetic
2994,I avoid that faith,No,Religious Bias,Biased,Synthetic
2995,They are extremists,No,Religious Bias,Biased,Synthetic
2996,I avoid that faith,No,Religious Bias,Biased,Synthetic
2997,That religion is dangerous,No,Religious Bias,Biased,Synthetic
2998,That religion is dangerous,No,Religious Bias,Biased,Synthetic
2999,I avoid that faith,No,Religious Bias,Biased,Synthetic
3000,They are extremists,No,Religious Bias,Biased,Synthetic
3001,They are extremists,No,Religious Bias,Biased,Synthetic
3002,They are extremists,No,Religious Bias,Biased,Synthetic
3003,I avoid that faith,No,Religious Bias,Biased,Synthetic
3004,They are extremists,No,Religious Bias,Biased,Synthetic
3005,They are extremists,No,Religious Bias,Biased,Synthetic
3006,They are extremists,No,Religious Bias,Biased,Synthetic
3007,I avoid that faith,No,Religious Bias,Biased,Synthetic
3008,That religion is dangerous,No,Religious Bias,Biased,Synthetic
3009,They are extremists,No,Religious Bias,Biased,Synthetic
3010,They are extremists,No,Religious Bias,Biased,Synthetic
3011,That religion is dangerous,No,Religious Bias,Biased,Synthetic
3012,I avoid that faith,No,Religious Bias,Biased,Synthetic
3013,I avoid that faith,No,Religious Bias,Biased,Synthetic
3014,I avoid that faith,No,Religious Bias,Biased,Synthetic
3015,I avoid that faith,No,Religious Bias,Biased,Synthetic
3016,That religion is dangerous,No,Religious Bias,Biased,Synthetic
3017,I avoid that faith,No,Religious Bias,Biased,Synthetic
3018,I avoid that faith,No,Religious Bias,Biased,Synthetic
3019,They are extremists,No,Religious Bias,Biased,Synthetic
3020,That religion is dangerous,No,Religious Bias,Biased,Synthetic
3021,They are extremists,No,Religious Bias,Biased,Synthetic
3022,That religion is dangerous,No,Religious Bias,Biased,Synthetic
3023,I avoid that faith,No,Religious Bias,Biased,Synthetic
3024,I avoid that faith,No,Religious Bias,Biased,Synthetic
3025,I avoid that faith,No,Religious Bias,Biased,Synthetic
3026,That religion is dangerous,No,Religious Bias,Biased,Synthetic
3027,I avoid that faith,No,Religious Bias,Biased,Synthetic
3028,That religion is dangerous,No,Religious Bias,Biased,Synthetic
3029,They are extremists,No,Religious Bias,Biased,Synthetic
3030,I avoid that faith,No,Religious Bias,Biased,Synthetic
3031,That religion is dangerous,No,Religious Bias,Biased,Synthetic
3032,That religion is dangerous,No,Religious Bias,Biased,Synthetic
3033,They are extremists,No,Religious Bias,Biased,Synthetic
3034,They are extremists,No,Religious Bias,Biased,Synthetic
3035,That religion is dangerous,No,Religious Bias,Biased,Synthetic
3036,I avoid that faith,No,Religious Bias,Biased,Synthetic
3037,They are extremists,No,Religious Bias,Biased,Synthetic
3038,That religion is dangerous,No,Religious Bias,Biased,Synthetic
3039,I avoid that faith,No,Religious Bias,Biased,Synthetic
3040,They are extremists,No,Religious Bias,Biased,Synthetic
3041,That religion is dangerous,No,Religious Bias,Biased,Synthetic
3042,That religion is dangerous,No,Religious Bias,Biased,Synthetic
3043,They are extremists,No,Religious Bias,Biased,Synthetic
3044,That religion is dangerous,No,Religious Bias,Biased,Synthetic
3045,They are extremists,No,Religious Bias,Biased,Synthetic
3046,That religion is dangerous,No,Religious Bias,Biased,Synthetic
3047,They are extremists,No,Religious Bias,Biased,Synthetic
3048,That religion is dangerous,No,Religious Bias,Biased,Synthetic
3049,That religion is dangerous,No,Religious Bias,Biased,Synthetic
3050,That religion is dangerous,No,Religious Bias,Biased,Synthetic
3051,I avoid that faith,No,Religious Bias,Biased,Synthetic
3052,They are extremists,No,Religious Bias,Biased,Synthetic
3053,I avoid that faith,No,Religious Bias,Biased,Synthetic
3054,They are extremists,No,Religious Bias,Biased,Synthetic
3055,That religion is dangerous,No,Religious Bias,Biased,Synthetic
3056,I avoid that faith,No,Religious Bias,Biased,Synthetic
3057,They are extremists,No,Religious Bias,Biased,Synthetic
3058,I avoid that faith,No,Religious Bias,Biased,Synthetic
3059,They are extremists,No,Religious Bias,Biased,Synthetic
3060,I avoid that faith,No,Religious Bias,Biased,Synthetic
3061,I avoid that faith,No,Religious Bias,Biased,Synthetic
3062,They are extremists,No,Religious Bias,Biased,Synthetic
3063,That religion is dangerous,No,Religious Bias,Biased,Synthetic
3064,That religion is dangerous,No,Religious Bias,Biased,Synthetic
3065,I avoid that faith,No,Religious Bias,Biased,Synthetic
3066,I avoid that faith,No,Religious Bias,Biased,Synthetic
3067,That religion is dangerous,No,Religious Bias,Biased,Synthetic
3068,That religion is dangerous,No,Religious Bias,Biased,Synthetic
3069,I avoid that faith,No,Religious Bias,Biased,Synthetic
3070,They are extremists,No,Religious Bias,Biased,Synthetic
3071,That religion is dangerous,No,Religious Bias,Biased,Synthetic
3072,That religion is dangerous,No,Religious Bias,Biased,Synthetic
3073,That religion is dangerous,No,Religious Bias,Biased,Synthetic
3074,That religion is dangerous,No,Religious Bias,Biased,Synthetic
3075,That religion is dangerous,No,Religious Bias,Biased,Synthetic
3076,That religion is dangerous,No,Religious Bias,Biased,Synthetic
3077,I avoid that faith,No,Religious Bias,Biased,Synthetic
3078,They are extremists,No,Religious Bias,Biased,Synthetic
3079,I avoid that faith,No,Religious Bias,Biased,Synthetic
3080,I avoid that faith,No,Religious Bias,Biased,Synthetic
3081,They are extremists,No,Religious Bias,Biased,Synthetic
3082,I avoid that faith,No,Religious Bias,Biased,Synthetic
3083,That religion is dangerous,No,Religious Bias,Biased,Synthetic
3084,That religion is dangerous,No,Religious Bias,Biased,Synthetic
3085,They are extremists,No,Religious Bias,Biased,Synthetic
3086,I avoid that faith,No,Religious Bias,Biased,Synthetic
3087,That religion is dangerous,No,Religious Bias,Biased,Synthetic
3088,They are extremists,No,Religious Bias,Biased,Synthetic
3089,They are extremists,No,Religious Bias,Biased,Synthetic
3090,They are extremists,No,Religious Bias,Biased,Synthetic
3091,I avoid that faith,No,Religious Bias,Biased,Synthetic
3092,They are extremists,No,Religious Bias,Biased,Synthetic
3093,I avoid that faith,No,Religious Bias,Biased,Synthetic
3094,That religion is dangerous,No,Religious Bias,Biased,Synthetic
3095,They are extremists,No,Religious Bias,Biased,Synthetic
3096,That religion is dangerous,No,Religious Bias,Biased,Synthetic
3097,I avoid that faith,No,Religious Bias,Biased,Synthetic
3098,They are extremists,No,Religious Bias,Biased,Synthetic
3099,That religion is dangerous,No,Religious Bias,Biased,Synthetic
3100,I avoid that faith,No,Religious Bias,Biased,Synthetic
3101,They are extremists,No,Religious Bias,Biased,Synthetic
3102,I avoid that faith,No,Religious Bias,Biased,Synthetic
3103,That religion is dangerous,No,Religious Bias,Biased,Synthetic
3104,I avoid that faith,No,Religious Bias,Biased,Synthetic
3105,They are extremists,No,Religious Bias,Biased,Synthetic
3106,That religion is dangerous,No,Religious Bias,Biased,Synthetic
3107,They are extremists,No,Religious Bias,Biased,Synthetic
3108,They are extremists,No,Religious Bias,Biased,Synthetic
3109,I avoid that faith,No,Religious Bias,Biased,Synthetic
3110,They are extremists,No,Religious Bias,Biased,Synthetic
3111,They are extremists,No,Religious Bias,Biased,Synthetic
3112,I avoid that faith,No,Religious Bias,Biased,Synthetic
3113,I avoid that faith,No,Religious Bias,Biased,Synthetic
3114,I avoid that faith,No,Religious Bias,Biased,Synthetic
3115,They are extremists,No,Religious Bias,Biased,Synthetic
3116,That religion is dangerous,No,Religious Bias,Biased,Synthetic
3117,They are extremists,No,Religious Bias,Biased,Synthetic
3118,That religion is dangerous,No,Religious Bias,Biased,Synthetic
3119,That religion is dangerous,No,Religious Bias,Biased,Synthetic
3120,That religion is dangerous,No,Religious Bias,Biased,Synthetic
3121,That religion is dangerous,No,Religious Bias,Biased,Synthetic
3122,They are extremists,No,Religious Bias,Biased,Synthetic
3123,They are extremists,No,Religious Bias,Biased,Synthetic
3124,I avoid that faith,No,Religious Bias,Biased,Synthetic
3125,That religion is dangerous,No,Religious Bias,Biased,Synthetic
3126,They are extremists,No,Religious Bias,Biased,Synthetic
3127,That religion is dangerous,No,Religious Bias,Biased,Synthetic
3128,They are extremists,No,Religious Bias,Biased,Synthetic
3129,I avoid that faith,No,Religious Bias,Biased,Synthetic
3130,That religion is dangerous,No,Religious Bias,Biased,Synthetic
3131,I avoid that faith,No,Religious Bias,Biased,Synthetic
3132,They are extremists,No,Religious Bias,Biased,Synthetic
3133,I avoid that faith,No,Religious Bias,Biased,Synthetic
3134,That religion is dangerous,No,Religious Bias,Biased,Synthetic
3135,That religion is dangerous,No,Religious Bias,Biased,Synthetic
3136,That religion is dangerous,No,Religious Bias,Biased,Synthetic
3137,They are extremists,No,Religious Bias,Biased,Synthetic
3138,I avoid that faith,No,Religious Bias,Biased,Synthetic
3139,I avoid that faith,No,Religious Bias,Biased,Synthetic
3140,That religion is dangerous,No,Religious Bias,Biased,Synthetic
3141,That religion is dangerous,No,Religious Bias,Biased,Synthetic
3142,That religion is dangerous,No,Religious Bias,Biased,Synthetic
3143,That religion is dangerous,No,Religious Bias,Biased,Synthetic
3144,That religion is dangerous,No,Religious Bias,Biased,Synthetic
3145,They are extremists,No,Religious Bias,Biased,Synthetic
3146,That religion is dangerous,No,Religious Bias,Biased,Synthetic
3147,They are extremists,No,Religious Bias,Biased,Synthetic
3148,That religion is dangerous,No,Religious Bias,Biased,Synthetic
3149,They are extremists,No,Religious Bias,Biased,Synthetic
3150,That religion is dangerous,No,Religious Bias,Biased,Synthetic
3151,That ideology is stupid,No,Political Bias,Biased,Synthetic
3152,Supporters of that party are ignorant,No,Political Bias,Biased,Synthetic
3153,People from that party are corrupt,No,Political Bias,Biased,Synthetic
3154,People from that party are corrupt,No,Political Bias,Biased,Synthetic
3155,People from that party are corrupt,No,Political Bias,Biased,Synthetic
3156,That ideology is stupid,No,Political Bias,Biased,Synthetic
3157,Supporters of that party are ignorant,No,Political Bias,Biased,Synthetic
3158,Supporters of that party are ignorant,No,Political Bias,Biased,Synthetic
3159,Supporters of that party are ignorant,No,Political Bias,Biased,Synthetic
3160,Supporters of that party are ignorant,No,Political Bias,Biased,Synthetic
3161,Supporters of that party are ignorant,No,Political Bias,Biased,Synthetic
3162,That ideology is stupid,No,Political Bias,Biased,Synthetic
3163,People from that party are corrupt,No,Political Bias,Biased,Synthetic
3164,Supporters of that party are ignorant,No,Political Bias,Biased,Synthetic
3165,That ideology is stupid,No,Political Bias,Biased,Synthetic
3166,That ideology is stupid,No,Political Bias,Biased,Synthetic
3167,That ideology is stupid,No,Political Bias,Biased,Synthetic
3168,That ideology is stupid,No,Political Bias,Biased,Synthetic
3169,That ideology is stupid,No,Political Bias,Biased,Synthetic
3170,People from that party are corrupt,No,Political Bias,Biased,Synthetic
3171,People from that party are corrupt,No,Political Bias,Biased,Synthetic
3172,That ideology is stupid,No,Political Bias,Biased,Synthetic
3173,That ideology is stupid,No,Political Bias,Biased,Synthetic
3174,That ideology is stupid,No,Political Bias,Biased,Synthetic
3175,Supporters of that party are ignorant,No,Political Bias,Biased,Synthetic
3176,That ideology is stupid,No,Political Bias,Biased,Synthetic
3177,Supporters of that party are ignorant,No,Political Bias,Biased,Synthetic
3178,That ideology is stupid,No,Political Bias,Biased,Synthetic
3179,People from that party are corrupt,No,Political Bias,Biased,Synthetic
3180,People from that party are corrupt,No,Political Bias,Biased,Synthetic
3181,Supporters of that party are ignorant,No,Political Bias,Biased,Synthetic
3182,People from that party are corrupt,No,Political Bias,Biased,Synthetic
3183,That ideology is stupid,No,Political Bias,Biased,Synthetic
3184,Supporters of that party are ignorant,No,Political Bias,Biased,Synthetic
3185,People from that party are corrupt,No,Political Bias,Biased,Synthetic
3186,Supporters of that party are ignorant,No,Political Bias,Biased,Synthetic
3187,That ideology is stupid,No,Political Bias,Biased,Synthetic
3188,People from that party are corrupt,No,Political Bias,Biased,Synthetic
3189,People from that party are corrupt,No,Political Bias,Biased,Synthetic
3190,That ideology is stupid,No,Political Bias,Biased,Synthetic
3191,People from that party are corrupt,No,Political Bias,Biased,Synthetic
3192,Supporters of that party are ignorant,No,Political Bias,Biased,Synthetic
3193,People from that party are corrupt,No,Political Bias,Biased,Synthetic
3194,That ideology is stupid,No,Political Bias,Biased,Synthetic
3195,That ideology is stupid,No,Political Bias,Biased,Synthetic
3196,People from that party are corrupt,No,Political Bias,Biased,Synthetic
3197,Supporters of that party are ignorant,No,Political Bias,Biased,Synthetic
3198,That ideology is stupid,No,Political Bias,Biased,Synthetic
3199,Supporters of that party are ignorant,No,Political Bias,Biased,Synthetic
3200,Supporters of that party are ignorant,No,Political Bias,Biased,Synthetic
3201,People from that party are corrupt,No,Political Bias,Biased,Synthetic
3202,Supporters of that party are ignorant,No,Political Bias,Biased,Synthetic
3203,That ideology is stupid,No,Political Bias,Biased,Synthetic
3204,That ideology is stupid,No,Political Bias,Biased,Synthetic
3205,Supporters of that party are ignorant,No,Political Bias,Biased,Synthetic
3206,That ideology is stupid,No,Political Bias,Biased,Synthetic
3207,That ideology is stupid,No,Political Bias,Biased,Synthetic
3208,People from that party are corrupt,No,Political Bias,Biased,Synthetic
3209,That ideology is stupid,No,Political Bias,Biased,Synthetic
3210,People from that party are corrupt,No,Political Bias,Biased,Synthetic
3211,Supporters of that party are ignorant,No,Political Bias,Biased,Synthetic
3212,Supporters of that party are ignorant,No,Political Bias,Biased,Synthetic
3213,Supporters of that party are ignorant,No,Political Bias,Biased,Synthetic
3214,That ideology is stupid,No,Political Bias,Biased,Synthetic
3215,Supporters of that party are ignorant,No,Political Bias,Biased,Synthetic
3216,That ideology is stupid,No,Political Bias,Biased,Synthetic
3217,People from that party are corrupt,No,Political Bias,Biased,Synthetic
3218,People from that party are corrupt,No,Political Bias,Biased,Synthetic
3219,Supporters of that party are ignorant,No,Political Bias,Biased,Synthetic
3220,That ideology is stupid,No,Political Bias,Biased,Synthetic
3221,People from that party are corrupt,No,Political Bias,Biased,Synthetic
3222,People from that party are corrupt,No,Political Bias,Biased,Synthetic
3223,People from that party are corrupt,No,Political Bias,Biased,Synthetic
3224,Supporters of that party are ignorant,No,Political Bias,Biased,Synthetic
3225,That ideology is stupid,No,Political Bias,Biased,Synthetic
3226,People from that party are corrupt,No,Political Bias,Biased,Synthetic
3227,People from that party are corrupt,No,Political Bias,Biased,Synthetic
3228,People from that party are corrupt,No,Political Bias,Biased,Synthetic
3229,Supporters of that party are ignorant,No,Political Bias,Biased,Synthetic
3230,People from that party are corrupt,No,Political Bias,Biased,Synthetic
3231,People from that party are corrupt,No,Political Bias,Biased,Synthetic
3232,Supporters of that party are ignorant,No,Political Bias,Biased,Synthetic
3233,People from that party are corrupt,No,Political Bias,Biased,Synthetic
3234,Supporters of that party are ignorant,No,Political Bias,Biased,Synthetic
3235,People from that party are corrupt,No,Political Bias,Biased,Synthetic
3236,That ideology is stupid,No,Political Bias,Biased,Synthetic
3237,People from that party are corrupt,No,Political Bias,Biased,Synthetic
3238,Supporters of that party are ignorant,No,Political Bias,Biased,Synthetic
3239,Supporters of that party are ignorant,No,Political Bias,Biased,Synthetic
3240,That ideology is stupid,No,Political Bias,Biased,Synthetic
3241,That ideology is stupid,No,Political Bias,Biased,Synthetic
3242,Supporters of that party are ignorant,No,Political Bias,Biased,Synthetic
3243,People from that party are corrupt,No,Political Bias,Biased,Synthetic
3244,People from that party are corrupt,No,Political Bias,Biased,Synthetic
3245,People from that party are corrupt,No,Political Bias,Biased,Synthetic
3246,Supporters of that party are ignorant,No,Political Bias,Biased,Synthetic
3247,Supporters of that party are ignorant,No,Political Bias,Biased,Synthetic
3248,People from that party are corrupt,No,Political Bias,Biased,Synthetic
3249,Supporters of that party are ignorant,No,Political Bias,Biased,Synthetic
3250,Supporters of that party are ignorant,No,Political Bias,Biased,Synthetic
3251,That ideology is stupid,No,Political Bias,Biased,Synthetic
3252,People from that party are corrupt,No,Political Bias,Biased,Synthetic
3253,People from that party are corrupt,No,Political Bias,Biased,Synthetic
3254,Supporters of that party are ignorant,No,Political Bias,Biased,Synthetic
3255,That ideology is stupid,No,Political Bias,Biased,Synthetic
3256,That ideology is stupid,No,Political Bias,Biased,Synthetic
3257,Supporters of that party are ignorant,No,Political Bias,Biased,Synthetic
3258,That ideology is stupid,No,Political Bias,Biased,Synthetic
3259,People from that party are corrupt,No,Political Bias,Biased,Synthetic
3260,That ideology is stupid,No,Political Bias,Biased,Synthetic
3261,Supporters of that party are ignorant,No,Political Bias,Biased,Synthetic
3262,Supporters of that party are ignorant,No,Political Bias,Biased,Synthetic
3263,That ideology is stupid,No,Political Bias,Biased,Synthetic
3264,Supporters of that party are ignorant,No,Political Bias,Biased,Synthetic
3265,Supporters of that party are ignorant,No,Political Bias,Biased,Synthetic
3266,Supporters of that party are ignorant,No,Political Bias,Biased,Synthetic
3267,People from that party are corrupt,No,Political Bias,Biased,Synthetic
3268,That ideology is stupid,No,Political Bias,Biased,Synthetic
3269,That ideology is stupid,No,Political Bias,Biased,Synthetic
3270,Supporters of that party are ignorant,No,Political Bias,Biased,Synthetic
3271,People from that party are corrupt,No,Political Bias,Biased,Synthetic
3272,That ideology is stupid,No,Political Bias,Biased,Synthetic
3273,People from that party are corrupt,No,Political Bias,Biased,Synthetic
3274,Supporters of that party are ignorant,No,Political Bias,Biased,Synthetic
3275,That ideology is stupid,No,Political Bias,Biased,Synthetic
3276,That ideology is stupid,No,Political Bias,Biased,Synthetic
3277,People from that party are corrupt,No,Political Bias,Biased,Synthetic
3278,That ideology is stupid,No,Political Bias,Biased,Synthetic
3279,People from that party are corrupt,No,Political Bias,Biased,Synthetic
3280,That ideology is stupid,No,Political Bias,Biased,Synthetic
3281,Supporters of that party are ignorant,No,Political Bias,Biased,Synthetic
3282,People from that party are corrupt,No,Political Bias,Biased,Synthetic
3283,Supporters of that party are ignorant,No,Political Bias,Biased,Synthetic
3284,Supporters of that party are ignorant,No,Political Bias,Biased,Synthetic
3285,That ideology is stupid,No,Political Bias,Biased,Synthetic
3286,People from that party are corrupt,No,Political Bias,Biased,Synthetic
3287,Supporters of that party are ignorant,No,Political Bias,Biased,Synthetic
3288,People from that party are corrupt,No,Political Bias,Biased,Synthetic
3289,Supporters of that party are ignorant,No,Political Bias,Biased,Synthetic
3290,That ideology is stupid,No,Political Bias,Biased,Synthetic
3291,That ideology is stupid,No,Political Bias,Biased,Synthetic
3292,People from that party are corrupt,No,Political Bias,Biased,Synthetic
3293,People from that party are corrupt,No,Political Bias,Biased,Synthetic
3294,That ideology is stupid,No,Political Bias,Biased,Synthetic
3295,Supporters of that party are ignorant,No,Political Bias,Biased,Synthetic
3296,People from that party are corrupt,No,Political Bias,Biased,Synthetic
3297,Supporters of that party are ignorant,No,Political Bias,Biased,Synthetic
3298,That ideology is stupid,No,Political Bias,Biased,Synthetic
3299,People from that party are corrupt,No,Political Bias,Biased,Synthetic
3300,Supporters of that party are ignorant,No,Political Bias,Biased,Synthetic
3301,That ideology is stupid,No,Political Bias,Biased,Synthetic
3302,People from that party are corrupt,No,Political Bias,Biased,Synthetic
3303,People from that party are corrupt,No,Political Bias,Biased,Synthetic
3304,That ideology is stupid,No,Political Bias,Biased,Synthetic
3305,Supporters of that party are ignorant,No,Political Bias,Biased,Synthetic
3306,That ideology is stupid,No,Political Bias,Biased,Synthetic
3307,Supporters of that party are ignorant,No,Political Bias,Biased,Synthetic
3308,Supporters of that party are ignorant,No,Political Bias,Biased,Synthetic
3309,People from that party are corrupt,No,Political Bias,Biased,Synthetic
3310,That ideology is stupid,No,Political Bias,Biased,Synthetic
3311,Supporters of that party are ignorant,No,Political Bias,Biased,Synthetic
3312,People from that party are corrupt,No,Political Bias,Biased,Synthetic
3313,People from that party are corrupt,No,Political Bias,Biased,Synthetic
3314,People from that party are corrupt,No,Political Bias,Biased,Synthetic
3315,Supporters of that party are ignorant,No,Political Bias,Biased,Synthetic
3316,People from that party are corrupt,No,Political Bias,Biased,Synthetic
3317,That ideology is stupid,No,Political Bias,Biased,Synthetic
3318,Supporters of that party are ignorant,No,Political Bias,Biased,Synthetic
3319,That ideology is stupid,No,Political Bias,Biased,Synthetic
3320,Supporters of that party are ignorant,No,Political Bias,Biased,Synthetic
3321,That ideology is stupid,No,Political Bias,Biased,Synthetic
3322,People from that party are corrupt,No,Political Bias,Biased,Synthetic
3323,People from that party are corrupt,No,Political Bias,Biased,Synthetic
3324,Supporters of that party are ignorant,No,Political Bias,Biased,Synthetic
3325,That ideology is stupid,No,Political Bias,Biased,Synthetic
3326,That ideology is stupid,No,Political Bias,Biased,Synthetic
3327,That ideology is stupid,No,Political Bias,Biased,Synthetic
3328,People from that party are corrupt,No,Political Bias,Biased,Synthetic
3329,Supporters of that party are ignorant,No,Political Bias,Biased,Synthetic
3330,Supporters of that party are ignorant,No,Political Bias,Biased,Synthetic
3331,Supporters of that party are ignorant,No,Political Bias,Biased,Synthetic
3332,Supporters of that party are ignorant,No,Political Bias,Biased,Synthetic
3333,That ideology is stupid,No,Political Bias,Biased,Synthetic
3334,That ideology is stupid,No,Political Bias,Biased,Synthetic
3335,People from that party are corrupt,No,Political Bias,Biased,Synthetic
3336,People from that party are corrupt,No,Political Bias,Biased,Synthetic
3337,People from that party are corrupt,No,Political Bias,Biased,Synthetic
3338,People from that party are corrupt,No,Political Bias,Biased,Synthetic
3339,People from that party are corrupt,No,Political Bias,Biased,Synthetic
3340,People from that party are corrupt,No,Political Bias,Biased,Synthetic
3341,People from that party are corrupt,No,Political Bias,Biased,Synthetic
3342,People from that party are corrupt,No,Political Bias,Biased,Synthetic
3343,People from that party are corrupt,No,Political Bias,Biased,Synthetic
3344,That ideology is stupid,No,Political Bias,Biased,Synthetic
3345,That ideology is stupid,No,Political Bias,Biased,Synthetic
3346,Supporters of that party are ignorant,No,Political Bias,Biased,Synthetic
3347,People from that party are corrupt,No,Political Bias,Biased,Synthetic
3348,People from that party are corrupt,No,Political Bias,Biased,Synthetic
3349,That ideology is stupid,No,Political Bias,Biased,Synthetic
3350,Supporters of that party are ignorant,No,Political Bias,Biased,Synthetic
3351,Supporters of that party are ignorant,No,Political Bias,Biased,Synthetic
3352,Supporters of that party are ignorant,No,Political Bias,Biased,Synthetic
3353,Supporters of that party are ignorant,No,Political Bias,Biased,Synthetic
3354,That ideology is stupid,No,Political Bias,Biased,Synthetic
3355,Supporters of that party are ignorant,No,Political Bias,Biased,Synthetic
3356,People from that party are corrupt,No,Political Bias,Biased,Synthetic
3357,People from that party are corrupt,No,Political Bias,Biased,Synthetic
3358,Supporters of that party are ignorant,No,Political Bias,Biased,Synthetic
3359,Supporters of that party are ignorant,No,Political Bias,Biased,Synthetic
3360,Supporters of that party are ignorant,No,Political Bias,Biased,Synthetic
3361,Supporters of that party are ignorant,No,Political Bias,Biased,Synthetic
3362,People from that party are corrupt,No,Political Bias,Biased,Synthetic
3363,Supporters of that party are ignorant,No,Political Bias,Biased,Synthetic
3364,Supporters of that party are ignorant,No,Political Bias,Biased,Synthetic
3365,Supporters of that party are ignorant,No,Political Bias,Biased,Synthetic
3366,People from that party are corrupt,No,Political Bias,Biased,Synthetic
3367,People from that party are corrupt,No,Political Bias,Biased,Synthetic
3368,That ideology is stupid,No,Political Bias,Biased,Synthetic
3369,People from that party are corrupt,No,Political Bias,Biased,Synthetic
3370,Supporters of that party are ignorant,No,Political Bias,Biased,Synthetic
3371,That ideology is stupid,No,Political Bias,Biased,Synthetic
3372,People from that party are corrupt,No,Political Bias,Biased,Synthetic
3373,That ideology is stupid,No,Political Bias,Biased,Synthetic
3374,People from that party are corrupt,No,Political Bias,Biased,Synthetic
3375,People from that party are corrupt,No,Political Bias,Biased,Synthetic
3376,People from that party are corrupt,No,Political Bias,Biased,Synthetic
3377,Supporters of that party are ignorant,No,Political Bias,Biased,Synthetic
3378,People from that party are corrupt,No,Political Bias,Biased,Synthetic
3379,Supporters of that party are ignorant,No,Political Bias,Biased,Synthetic
3380,That ideology is stupid,No,Political Bias,Biased,Synthetic
3381,Supporters of that party are ignorant,No,Political Bias,Biased,Synthetic
3382,Supporters of that party are ignorant,No,Political Bias,Biased,Synthetic
3383,People from that party are corrupt,No,Political Bias,Biased,Synthetic
3384,Supporters of that party are ignorant,No,Political Bias,Biased,Synthetic
3385,That ideology is stupid,No,Political Bias,Biased,Synthetic
3386,That ideology is stupid,No,Political Bias,Biased,Synthetic
3387,That ideology is stupid,No,Political Bias,Biased,Synthetic
3388,People from that party are corrupt,No,Political Bias,Biased,Synthetic
3389,That ideology is stupid,No,Political Bias,Biased,Synthetic
3390,People from that party are corrupt,No,Political Bias,Biased,Synthetic
3391,Supporters of that party are ignorant,No,Political Bias,Biased,Synthetic
3392,Supporters of that party are ignorant,No,Political Bias,Biased,Synthetic
3393,People from that party are corrupt,No,Political Bias,Biased,Synthetic
3394,That ideology is stupid,No,Political Bias,Biased,Synthetic
3395,Supporters of that party are ignorant,No,Political Bias,Biased,Synthetic
3396,People from that party are corrupt,No,Political Bias,Biased,Synthetic
3397,Supporters of that party are ignorant,No,Political Bias,Biased,Synthetic
3398,Supporters of that party are ignorant,No,Political Bias,Biased,Synthetic
3399,People from that party are corrupt,No,Political Bias,Biased,Synthetic
3400,People from that party are corrupt,No,Political Bias,Biased,Synthetic
3401,People from that party are corrupt,No,Political Bias,Biased,Synthetic
3402,That ideology is stupid,No,Political Bias,Biased,Synthetic
3403,That ideology is stupid,No,Political Bias,Biased,Synthetic
3404,People from that party are corrupt,No,Political Bias,Biased,Synthetic
3405,That ideology is stupid,No,Political Bias,Biased,Synthetic
3406,Supporters of that party are ignorant,No,Political Bias,Biased,Synthetic
3407,That ideology is stupid,No,Political Bias,Biased,Synthetic
3408,That ideology is stupid,No,Political Bias,Biased,Synthetic
3409,People from that party are corrupt,No,Political Bias,Biased,Synthetic
3410,That ideology is stupid,No,Political Bias,Biased,Synthetic
3411,People from that party are corrupt,No,Political Bias,Biased,Synthetic
3412,Supporters of that party are ignorant,No,Political Bias,Biased,Synthetic
3413,People from that party are corrupt,No,Political Bias,Biased,Synthetic
3414,That ideology is stupid,No,Political Bias,Biased,Synthetic
3415,Supporters of that party are ignorant,No,Political Bias,Biased,Synthetic
3416,That ideology is stupid,No,Political Bias,Biased,Synthetic
3417,People from that party are corrupt,No,Political Bias,Biased,Synthetic
3418,People from that party are corrupt,No,Political Bias,Biased,Synthetic
3419,People from that party are corrupt,No,Political Bias,Biased,Synthetic
3420,That ideology is stupid,No,Political Bias,Biased,Synthetic
3421,That ideology is stupid,No,Political Bias,Biased,Synthetic
3422,People from that party are corrupt,No,Political Bias,Biased,Synthetic
3423,People from that party are corrupt,No,Political Bias,Biased,Synthetic
3424,Supporters of that party are ignorant,No,Political Bias,Biased,Synthetic
3425,People from that party are corrupt,No,Political Bias,Biased,Synthetic
3426,That ideology is stupid,No,Political Bias,Biased,Synthetic
3427,That ideology is stupid,No,Political Bias,Biased,Synthetic
3428,People from that party are corrupt,No,Political Bias,Biased,Synthetic
3429,Supporters of that party are ignorant,No,Political Bias,Biased,Synthetic
3430,People from that party are corrupt,No,Political Bias,Biased,Synthetic
3431,People from that party are corrupt,No,Political Bias,Biased,Synthetic
3432,That ideology is stupid,No,Political Bias,Biased,Synthetic
3433,That ideology is stupid,No,Political Bias,Biased,Synthetic
3434,Supporters of that party are ignorant,No,Political Bias,Biased,Synthetic
3435,That ideology is stupid,No,Political Bias,Biased,Synthetic
3436,Supporters of that party are ignorant,No,Political Bias,Biased,Synthetic
3437,That ideology is stupid,No,Political Bias,Biased,Synthetic
3438,Supporters of that party are ignorant,No,Political Bias,Biased,Synthetic
3439,That ideology is stupid,No,Political Bias,Biased,Synthetic
3440,People from that party are corrupt,No,Political Bias,Biased,Synthetic
3441,People from that party are corrupt,No,Political Bias,Biased,Synthetic
3442,People from that party are corrupt,No,Political Bias,Biased,Synthetic
3443,People from that party are corrupt,No,Political Bias,Biased,Synthetic
3444,That ideology is stupid,No,Political Bias,Biased,Synthetic
3445,That ideology is stupid,No,Political Bias,Biased,Synthetic
3446,Supporters of that party are ignorant,No,Political Bias,Biased,Synthetic
3447,People from that party are corrupt,No,Political Bias,Biased,Synthetic
3448,Supporters of that party are ignorant,No,Political Bias,Biased,Synthetic
3449,Supporters of that party are ignorant,No,Political Bias,Biased,Synthetic
3450,Supporters of that party are ignorant,No,Political Bias,Biased,Synthetic
3451,That ideology is stupid,No,Political Bias,Biased,Synthetic
3452,That ideology is stupid,No,Political Bias,Biased,Synthetic
3453,Supporters of that party are ignorant,No,Political Bias,Biased,Synthetic
3454,People from that party are corrupt,No,Political Bias,Biased,Synthetic
3455,People from that party are corrupt,No,Political Bias,Biased,Synthetic
3456,People from that party are corrupt,No,Political Bias,Biased,Synthetic
3457,People from that party are corrupt,No,Political Bias,Biased,Synthetic
3458,That ideology is stupid,No,Political Bias,Biased,Synthetic
3459,That ideology is stupid,No,Political Bias,Biased,Synthetic
3460,That ideology is stupid,No,Political Bias,Biased,Synthetic
3461,That ideology is stupid,No,Political Bias,Biased,Synthetic
3462,That ideology is stupid,No,Political Bias,Biased,Synthetic
3463,That ideology is stupid,No,Political Bias,Biased,Synthetic
3464,That ideology is stupid,No,Political Bias,Biased,Synthetic
3465,Supporters of that party are ignorant,No,Political Bias,Biased,Synthetic
3466,That ideology is stupid,No,Political Bias,Biased,Synthetic
3467,People from that party are corrupt,No,Political Bias,Biased,Synthetic
3468,People from that party are corrupt,No,Political Bias,Biased,Synthetic
3469,Supporters of that party are ignorant,No,Political Bias,Biased,Synthetic
3470,People from that party are corrupt,No,Political Bias,Biased,Synthetic
3471,That ideology is stupid,No,Political Bias,Biased,Synthetic
3472,That ideology is stupid,No,Political Bias,Biased,Synthetic
3473,That ideology is stupid,No,Political Bias,Biased,Synthetic
3474,People from that party are corrupt,No,Political Bias,Biased,Synthetic
3475,That ideology is stupid,No,Political Bias,Biased,Synthetic
3476,People from that party are corrupt,No,Political Bias,Biased,Synthetic
3477,That ideology is stupid,No,Political Bias,Biased,Synthetic
3478,That ideology is stupid,No,Political Bias,Biased,Synthetic
3479,People from that party are corrupt,No,Political Bias,Biased,Synthetic
3480,People from that party are corrupt,No,Political Bias,Biased,Synthetic
3481,People from that party are corrupt,No,Political Bias,Biased,Synthetic
3482,Supporters of that party are ignorant,No,Political Bias,Biased,Synthetic
3483,Supporters of that party are ignorant,No,Political Bias,Biased,Synthetic
3484,Supporters of that party are ignorant,No,Political Bias,Biased,Synthetic
3485,That ideology is stupid,No,Political Bias,Biased,Synthetic
3486,People from that party are corrupt,No,Political Bias,Biased,Synthetic
3487,That ideology is stupid,No,Political Bias,Biased,Synthetic
3488,People from that party are corrupt,No,Political Bias,Biased,Synthetic
3489,People from that party are corrupt,No,Political Bias,Biased,Synthetic
3490,People from that party are corrupt,No,Political Bias,Biased,Synthetic
3491,That ideology is stupid,No,Political Bias,Biased,Synthetic
3492,That ideology is stupid,No,Political Bias,Biased,Synthetic
3493,That ideology is stupid,No,Political Bias,Biased,Synthetic
3494,That ideology is stupid,No,Political Bias,Biased,Synthetic
3495,People from that party are corrupt,No,Political Bias,Biased,Synthetic
3496,People from that party are corrupt,No,Political Bias,Biased,Synthetic
3497,That ideology is stupid,No,Political Bias,Biased,Synthetic
3498,People from that party are corrupt,No,Political Bias,Biased,Synthetic
3499,People from that party are corrupt,No,Political Bias,Biased,Synthetic
3500,Supporters of that party are ignorant,No,Political Bias,Biased,Synthetic
3501,He looks ugly,No,Body Shaming,Biased,Synthetic
3502,She is too skinny,No,Body Shaming,Biased,Synthetic
3503,He looks ugly,No,Body Shaming,Biased,Synthetic
3504,You are too fat to be fit,No,Body Shaming,Biased,Synthetic
3505,She is too skinny,No,Body Shaming,Biased,Synthetic
3506,He looks ugly,No,Body Shaming,Biased,Synthetic
3507,She is too skinny,No,Body Shaming,Biased,Synthetic
3508,He looks ugly,No,Body Shaming,Biased,Synthetic
3509,She is too skinny,No,Body Shaming,Biased,Synthetic
3510,He looks ugly,No,Body Shaming,Biased,Synthetic
3511,She is too skinny,No,Body Shaming,Biased,Synthetic
3512,You are too fat to be fit,No,Body Shaming,Biased,Synthetic
3513,He looks ugly,No,Body Shaming,Biased,Synthetic
3514,He looks ugly,No,Body Shaming,Biased,Synthetic
3515,She is too skinny,No,Body Shaming,Biased,Synthetic
3516,She is too skinny,No,Body Shaming,Biased,Synthetic
3517,She is too skinny,No,Body Shaming,Biased,Synthetic
3518,He looks ugly,No,Body Shaming,Biased,Synthetic
3519,She is too skinny,No,Body Shaming,Biased,Synthetic
3520,She is too skinny,No,Body Shaming,Biased,Synthetic
3521,She is too skinny,No,Body Shaming,Biased,Synthetic
3522,You are too fat to be fit,No,Body Shaming,Biased,Synthetic
3523,He looks ugly,No,Body Shaming,Biased,Synthetic
3524,He looks ugly,No,Body Shaming,Biased,Synthetic
3525,You are too fat to be fit,No,Body Shaming,Biased,Synthetic
3526,She is too skinny,No,Body Shaming,Biased,Synthetic
3527,You are too fat to be fit,No,Body Shaming,Biased,Synthetic
3528,You are too fat to be fit,No,Body Shaming,Biased,Synthetic
3529,He looks ugly,No,Body Shaming,Biased,Synthetic
3530,She is too skinny,No,Body Shaming,Biased,Synthetic
3531,He looks ugly,No,Body Shaming,Biased,Synthetic
3532,She is too skinny,No,Body Shaming,Biased,Synthetic
3533,She is too skinny,No,Body Shaming,Biased,Synthetic
3534,She is too skinny,No,Body Shaming,Biased,Synthetic
3535,He looks ugly,No,Body Shaming,Biased,Synthetic
3536,She is too skinny,No,Body Shaming,Biased,Synthetic
3537,She is too skinny,No,Body Shaming,Biased,Synthetic
3538,You are too fat to be fit,No,Body Shaming,Biased,Synthetic
3539,She is too skinny,No,Body Shaming,Biased,Synthetic
3540,He looks ugly,No,Body Shaming,Biased,Synthetic
3541,He looks ugly,No,Body Shaming,Biased,Synthetic
3542,She is too skinny,No,Body Shaming,Biased,Synthetic
3543,He looks ugly,No,Body Shaming,Biased,Synthetic
3544,You are too fat to be fit,No,Body Shaming,Biased,Synthetic
3545,He looks ugly,No,Body Shaming,Biased,Synthetic
3546,She is too skinny,No,Body Shaming,Biased,Synthetic
3547,You are too fat to be fit,No,Body Shaming,Biased,Synthetic
3548,He looks ugly,No,Body Shaming,Biased,Synthetic
3549,She is too skinny,No,Body Shaming,Biased,Synthetic
3550,She is too skinny,No,Body Shaming,Biased,Synthetic
3551,You are too fat to be fit,No,Body Shaming,Biased,Synthetic
3552,You are too fat to be fit,No,Body Shaming,Biased,Synthetic
3553,He looks ugly,No,Body Shaming,Biased,Synthetic
3554,You are too fat to be fit,No,Body Shaming,Biased,Synthetic
3555,You are too fat to be fit,No,Body Shaming,Biased,Synthetic
3556,She is too skinny,No,Body Shaming,Biased,Synthetic
3557,She is too skinny,No,Body Shaming,Biased,Synthetic
3558,He looks ugly,No,Body Shaming,Biased,Synthetic
3559,He looks ugly,No,Body Shaming,Biased,Synthetic
3560,You are too fat to be fit,No,Body Shaming,Biased,Synthetic
3561,She is too skinny,No,Body Shaming,Biased,Synthetic
3562,He looks ugly,No,Body Shaming,Biased,Synthetic
3563,She is too skinny,No,Body Shaming,Biased,Synthetic
3564,He looks ugly,No,Body Shaming,Biased,Synthetic
3565,You are too fat to be fit,No,Body Shaming,Biased,Synthetic
3566,He looks ugly,No,Body Shaming,Biased,Synthetic
3567,You are too fat to be fit,No,Body Shaming,Biased,Synthetic
3568,He looks ugly,No,Body Shaming,Biased,Synthetic
3569,He looks ugly,No,Body Shaming,Biased,Synthetic
3570,He looks ugly,No,Body Shaming,Biased,Synthetic
3571,You are too fat to be fit,No,Body Shaming,Biased,Synthetic
3572,She is too skinny,No,Body Shaming,Biased,Synthetic
3573,He looks ugly,No,Body Shaming,Biased,Synthetic
3574,You are too fat to be fit,No,Body Shaming,Biased,Synthetic
3575,He looks ugly,No,Body Shaming,Biased,Synthetic
3576,You are too fat to be fit,No,Body Shaming,Biased,Synthetic
3577,You are too fat to be fit,No,Body Shaming,Biased,Synthetic
3578,You are too fat to be fit,No,Body Shaming,Biased,Synthetic
3579,She is too skinny,No,Body Shaming,Biased,Synthetic
3580,She is too skinny,No,Body Shaming,Biased,Synthetic
3581,You are too fat to be fit,No,Body Shaming,Biased,Synthetic
3582,She is too skinny,No,Body Shaming,Biased,Synthetic
3583,He looks ugly,No,Body Shaming,Biased,Synthetic
3584,You are too fat to be fit,No,Body Shaming,Biased,Synthetic
3585,She is too skinny,No,Body Shaming,Biased,Synthetic
3586,You are too fat to be fit,No,Body Shaming,Biased,Synthetic
3587,You are too fat to be fit,No,Body Shaming,Biased,Synthetic
3588,She is too skinny,No,Body Shaming,Biased,Synthetic
3589,She is too skinny,No,Body Shaming,Biased,Synthetic
3590,He looks ugly,No,Body Shaming,Biased,Synthetic
3591,He looks ugly,No,Body Shaming,Biased,Synthetic
3592,He looks ugly,No,Body Shaming,Biased,Synthetic
3593,You are too fat to be fit,No,Body Shaming,Biased,Synthetic
3594,He looks ugly,No,Body Shaming,Biased,Synthetic
3595,You are too fat to be fit,No,Body Shaming,Biased,Synthetic
3596,He looks ugly,No,Body Shaming,Biased,Synthetic
3597,You are too fat to be fit,No,Body Shaming,Biased,Synthetic
3598,He looks ugly,No,Body Shaming,Biased,Synthetic
3599,He looks ugly,No,Body Shaming,Biased,Synthetic
3600,You are too fat to be fit,No,Body Shaming,Biased,Synthetic
3601,He looks ugly,No,Body Shaming,Biased,Synthetic
3602,She is too skinny,No,Body Shaming,Biased,Synthetic
3603,He looks ugly,No,Body Shaming,Biased,Synthetic
3604,She is too skinny,No,Body Shaming,Biased,Synthetic
3605,You are too fat to be fit,No,Body Shaming,Biased,Synthetic
3606,You are too fat to be fit,No,Body Shaming,Biased,Synthetic
3607,He looks ugly,No,Body Shaming,Biased,Synthetic
3608,You are too fat to be fit,No,Body Shaming,Biased,Synthetic
3609,You are too fat to be fit,No,Body Shaming,Biased,Synthetic
3610,He looks ugly,No,Body Shaming,Biased,Synthetic
3611,You are too fat to be fit,No,Body Shaming,Biased,Synthetic
3612,She is too skinny,No,Body Shaming,Biased,Synthetic
3613,She is too skinny,No,Body Shaming,Biased,Synthetic
3614,He looks ugly,No,Body Shaming,Biased,Synthetic
3615,You are too fat to be fit,No,Body Shaming,Biased,Synthetic
3616,You are too fat to be fit,No,Body Shaming,Biased,Synthetic
3617,You are too fat to be fit,No,Body Shaming,Biased,Synthetic
3618,He looks ugly,No,Body Shaming,Biased,Synthetic
3619,You are too fat to be fit,No,Body Shaming,Biased,Synthetic
3620,You are too fat to be fit,No,Body Shaming,Biased,Synthetic
3621,He looks ugly,No,Body Shaming,Biased,Synthetic
3622,You are too fat to be fit,No,Body Shaming,Biased,Synthetic
3623,You are too fat to be fit,No,Body Shaming,Biased,Synthetic
3624,He looks ugly,No,Body Shaming,Biased,Synthetic
3625,She is too skinny,No,Body Shaming,Biased,Synthetic
3626,You are too fat to be fit,No,Body Shaming,Biased,Synthetic
3627,You are too fat to be fit,No,Body Shaming,Biased,Synthetic
3628,She is too skinny,No,Body Shaming,Biased,Synthetic
3629,She is too skinny,No,Body Shaming,Biased,Synthetic
3630,He looks ugly,No,Body Shaming,Biased,Synthetic
3631,You are too fat to be fit,No,Body Shaming,Biased,Synthetic
3632,She is too skinny,No,Body Shaming,Biased,Synthetic
3633,She is too skinny,No,Body Shaming,Biased,Synthetic
3634,You are too fat to be fit,No,Body Shaming,Biased,Synthetic
3635,She is too skinny,No,Body Shaming,Biased,Synthetic
3636,You are too fat to be fit,No,Body Shaming,Biased,Synthetic
3637,He looks ugly,No,Body Shaming,Biased,Synthetic
3638,She is too skinny,No,Body Shaming,Biased,Synthetic
3639,He looks ugly,No,Body Shaming,Biased,Synthetic
3640,You are too fat to be fit,No,Body Shaming,Biased,Synthetic
3641,She is too skinny,No,Body Shaming,Biased,Synthetic
3642,He looks ugly,No,Body Shaming,Biased,Synthetic
3643,He looks ugly,No,Body Shaming,Biased,Synthetic
3644,She is too skinny,No,Body Shaming,Biased,Synthetic
3645,You are too fat to be fit,No,Body Shaming,Biased,Synthetic
3646,He looks ugly,No,Body Shaming,Biased,Synthetic
3647,You are too fat to be fit,No,Body Shaming,Biased,Synthetic
3648,You are too fat to be fit,No,Body Shaming,Biased,Synthetic
3649,She is too skinny,No,Body Shaming,Biased,Synthetic
3650,She is too skinny,No,Body Shaming,Biased,Synthetic
3651,He looks ugly,No,Body Shaming,Biased,Synthetic
3652,She is too skinny,No,Body Shaming,Biased,Synthetic
3653,He looks ugly,No,Body Shaming,Biased,Synthetic
3654,She is too skinny,No,Body Shaming,Biased,Synthetic
3655,You are too fat to be fit,No,Body Shaming,Biased,Synthetic
3656,He looks ugly,No,Body Shaming,Biased,Synthetic
3657,He looks ugly,No,Body Shaming,Biased,Synthetic
3658,She is too skinny,No,Body Shaming,Biased,Synthetic
3659,You are too fat to be fit,No,Body Shaming,Biased,Synthetic
3660,He looks ugly,No,Body Shaming,Biased,Synthetic
3661,He looks ugly,No,Body Shaming,Biased,Synthetic
3662,He looks ugly,No,Body Shaming,Biased,Synthetic
3663,She is too skinny,No,Body Shaming,Biased,Synthetic
3664,You are too fat to be fit,No,Body Shaming,Biased,Synthetic
3665,She is too skinny,No,Body Shaming,Biased,Synthetic
3666,He looks ugly,No,Body Shaming,Biased,Synthetic
3667,You are too fat to be fit,No,Body Shaming,Biased,Synthetic
3668,You are too fat to be fit,No,Body Shaming,Biased,Synthetic
3669,He looks ugly,No,Body Shaming,Biased,Synthetic
3670,You are too fat to be fit,No,Body Shaming,Biased,Synthetic
3671,She is too skinny,No,Body Shaming,Biased,Synthetic
3672,He looks ugly,No,Body Shaming,Biased,Synthetic
3673,She is too skinny,No,Body Shaming,Biased,Synthetic
3674,She is too skinny,No,Body Shaming,Biased,Synthetic
3675,You are too fat to be fit,No,Body Shaming,Biased,Synthetic
3676,You are too fat to be fit,No,Body Shaming,Biased,Synthetic
3677,He looks ugly,No,Body Shaming,Biased,Synthetic
3678,He looks ugly,No,Body Shaming,Biased,Synthetic
3679,You are too fat to be fit,No,Body Shaming,Biased,Synthetic
3680,You are too fat to be fit,No,Body Shaming,Biased,Synthetic
3681,You are too fat to be fit,No,Body Shaming,Biased,Synthetic
3682,He looks ugly,No,Body Shaming,Biased,Synthetic
3683,She is too skinny,No,Body Shaming,Biased,Synthetic
3684,You are too fat to be fit,No,Body Shaming,Biased,Synthetic
3685,He looks ugly,No,Body Shaming,Biased,Synthetic
3686,She is too skinny,No,Body Shaming,Biased,Synthetic
3687,She is too skinny,No,Body Shaming,Biased,Synthetic
3688,He looks ugly,No,Body Shaming,Biased,Synthetic
3689,He looks ugly,No,Body Shaming,Biased,Synthetic
3690,You are too fat to be fit,No,Body Shaming,Biased,Synthetic
3691,He looks ugly,No,Body Shaming,Biased,Synthetic
3692,He looks ugly,No,Body Shaming,Biased,Synthetic
3693,You are too fat to be fit,No,Body Shaming,Biased,Synthetic
3694,You are too fat to be fit,No,Body Shaming,Biased,Synthetic
3695,She is too skinny,No,Body Shaming,Biased,Synthetic
3696,She is too skinny,No,Body Shaming,Biased,Synthetic
3697,He looks ugly,No,Body Shaming,Biased,Synthetic
3698,You are too fat to be fit,No,Body Shaming,Biased,Synthetic
3699,You are too fat to be fit,No,Body Shaming,Biased,Synthetic
3700,He looks ugly,No,Body Shaming,Biased,Synthetic
3701,She is too skinny,No,Body Shaming,Biased,Synthetic
3702,She is too skinny,No,Body Shaming,Biased,Synthetic
3703,You are too fat to be fit,No,Body Shaming,Biased,Synthetic
3704,You are too fat to be fit,No,Body Shaming,Biased,Synthetic
3705,He looks ugly,No,Body Shaming,Biased,Synthetic
3706,He looks ugly,No,Body Shaming,Biased,Synthetic
3707,You are too fat to be fit,No,Body Shaming,Biased,Synthetic
3708,She is too skinny,No,Body Shaming,Biased,Synthetic
3709,He looks ugly,No,Body Shaming,Biased,Synthetic
3710,He looks ugly,No,Body Shaming,Biased,Synthetic
3711,You are too fat to be fit,No,Body Shaming,Biased,Synthetic
3712,He looks ugly,No,Body Shaming,Biased,Synthetic
3713,She is too skinny,No,Body Shaming,Biased,Synthetic
3714,You are too fat to be fit,No,Body Shaming,Biased,Synthetic
3715,She is too skinny,No,Body Shaming,Biased,Synthetic
3716,He looks ugly,No,Body Shaming,Biased,Synthetic
3717,He looks ugly,No,Body Shaming,Biased,Synthetic
3718,She is too skinny,No,Body Shaming,Biased,Synthetic
3719,He looks ugly,No,Body Shaming,Biased,Synthetic
3720,He looks ugly,No,Body Shaming,Biased,Synthetic
3721,She is too skinny,No,Body Shaming,Biased,Synthetic
3722,She is too skinny,No,Body Shaming,Biased,Synthetic
3723,She is too skinny,No,Body Shaming,Biased,Synthetic
3724,You are too fat to be fit,No,Body Shaming,Biased,Synthetic
3725,He looks ugly,No,Body Shaming,Biased,Synthetic
3726,She is too skinny,No,Body Shaming,Biased,Synthetic
3727,You are too fat to be fit,No,Body Shaming,Biased,Synthetic
3728,She is too skinny,No,Body Shaming,Biased,Synthetic
3729,You are too fat to be fit,No,Body Shaming,Biased,Synthetic
3730,He looks ugly,No,Body Shaming,Biased,Synthetic
3731,You are too fat to be fit,No,Body Shaming,Biased,Synthetic
3732,She is too skinny,No,Body Shaming,Biased,Synthetic
3733,He looks ugly,No,Body Shaming,Biased,Synthetic
3734,She is too skinny,No,Body Shaming,Biased,Synthetic
3735,You are too fat to be fit,No,Body Shaming,Biased,Synthetic
3736,He looks ugly,No,Body Shaming,Biased,Synthetic
3737,He looks ugly,No,Body Shaming,Biased,Synthetic
3738,He looks ugly,No,Body Shaming,Biased,Synthetic
3739,You are too fat to be fit,No,Body Shaming,Biased,Synthetic
3740,She is too skinny,No,Body Shaming,Biased,Synthetic
3741,He looks ugly,No,Body Shaming,Biased,Synthetic
3742,He looks ugly,No,Body Shaming,Biased,Synthetic
3743,She is too skinny,No,Body Shaming,Biased,Synthetic
3744,You are too fat to be fit,No,Body Shaming,Biased,Synthetic
3745,You are too fat to be fit,No,Body Shaming,Biased,Synthetic
3746,You are too fat to be fit,No,Body Shaming,Biased,Synthetic
3747,She is too skinny,No,Body Shaming,Biased,Synthetic
3748,She is too skinny,No,Body Shaming,Biased,Synthetic
3749,She is too skinny,No,Body Shaming,Biased,Synthetic
3750,He looks ugly,No,Body Shaming,Biased,Synthetic
3751,You are too fat to be fit,No,Body Shaming,Biased,Synthetic
3752,He looks ugly,No,Body Shaming,Biased,Synthetic
3753,She is too skinny,No,Body Shaming,Biased,Synthetic
3754,You are too fat to be fit,No,Body Shaming,Biased,Synthetic
3755,He looks ugly,No,Body Shaming,Biased,Synthetic
3756,She is too skinny,No,Body Shaming,Biased,Synthetic
3757,He looks ugly,No,Body Shaming,Biased,Synthetic
3758,He looks ugly,No,Body Shaming,Biased,Synthetic
3759,She is too skinny,No,Body Shaming,Biased,Synthetic
3760,You are too fat to be fit,No,Body Shaming,Biased,Synthetic
3761,You are too fat to be fit,No,Body Shaming,Biased,Synthetic
3762,She is too skinny,No,Body Shaming,Biased,Synthetic
3763,She is too skinny,No,Body Shaming,Biased,Synthetic
3764,You are too fat to be fit,No,Body Shaming,Biased,Synthetic
3765,She is too skinny,No,Body Shaming,Biased,Synthetic
3766,You are too fat to be fit,No,Body Shaming,Biased,Synthetic
3767,She is too skinny,No,Body Shaming,Biased,Synthetic
3768,You are too fat to be fit,No,Body Shaming,Biased,Synthetic
3769,You are too fat to be fit,No,Body Shaming,Biased,Synthetic
3770,He looks ugly,No,Body Shaming,Biased,Synthetic
3771,He looks ugly,No,Body Shaming,Biased,Synthetic
3772,You are too fat to be fit,No,Body Shaming,Biased,Synthetic
3773,He looks ugly,No,Body Shaming,Biased,Synthetic
3774,He looks ugly,No,Body Shaming,Biased,Synthetic
3775,She is too skinny,No,Body Shaming,Biased,Synthetic
3776,He looks ugly,No,Body Shaming,Biased,Synthetic
3777,She is too skinny,No,Body Shaming,Biased,Synthetic
3778,She is too skinny,No,Body Shaming,Biased,Synthetic
3779,You are too fat to be fit,No,Body Shaming,Biased,Synthetic
3780,You are too fat to be fit,No,Body Shaming,Biased,Synthetic
3781,You are too fat to be fit,No,Body Shaming,Biased,Synthetic
3782,She is too skinny,No,Body Shaming,Biased,Synthetic
3783,She is too skinny,No,Body Shaming,Biased,Synthetic
3784,He looks ugly,No,Body Shaming,Biased,Synthetic
3785,He looks ugly,No,Body Shaming,Biased,Synthetic
3786,You are too fat to be fit,No,Body Shaming,Biased,Synthetic
3787,You are too fat to be fit,No,Body Shaming,Biased,Synthetic
3788,She is too skinny,No,Body Shaming,Biased,Synthetic
3789,He looks ugly,No,Body Shaming,Biased,Synthetic
3790,She is too skinny,No,Body Shaming,Biased,Synthetic
3791,You are too fat to be fit,No,Body Shaming,Biased,Synthetic
3792,He looks ugly,No,Body Shaming,Biased,Synthetic
3793,You are too fat to be fit,No,Body Shaming,Biased,Synthetic
3794,You are too fat to be fit,No,Body Shaming,Biased,Synthetic
3795,She is too skinny,No,Body Shaming,Biased,Synthetic
3796,You are too fat to be fit,No,Body Shaming,Biased,Synthetic
3797,He looks ugly,No,Body Shaming,Biased,Synthetic
3798,You are too fat to be fit,No,Body Shaming,Biased,Synthetic
3799,You are too fat to be fit,No,Body Shaming,Biased,Synthetic
3800,She is too skinny,No,Body Shaming,Biased,Synthetic
3801,She is too skinny,No,Body Shaming,Biased,Synthetic
3802,She is too skinny,No,Body Shaming,Biased,Synthetic
3803,You are too fat to be fit,No,Body Shaming,Biased,Synthetic
3804,He looks ugly,No,Body Shaming,Biased,Synthetic
3805,She is too skinny,No,Body Shaming,Biased,Synthetic
3806,She is too skinny,No,Body Shaming,Biased,Synthetic
3807,He looks ugly,No,Body Shaming,Biased,Synthetic
3808,You are too fat to be fit,No,Body Shaming,Biased,Synthetic
3809,You are too fat to be fit,No,Body Shaming,Biased,Synthetic
3810,You are too fat to be fit,No,Body Shaming,Biased,Synthetic
3811,You are too fat to be fit,No,Body Shaming,Biased,Synthetic
3812,He looks ugly,No,Body Shaming,Biased,Synthetic
3813,She is too skinny,No,Body Shaming,Biased,Synthetic
3814,You are too fat to be fit,No,Body Shaming,Biased,Synthetic
3815,She is too skinny,No,Body Shaming,Biased,Synthetic
3816,You are too fat to be fit,No,Body Shaming,Biased,Synthetic
3817,He looks ugly,No,Body Shaming,Biased,Synthetic
3818,He looks ugly,No,Body Shaming,Biased,Synthetic
3819,She is too skinny,No,Body Shaming,Biased,Synthetic
3820,She is too skinny,No,Body Shaming,Biased,Synthetic
3821,She is too skinny,No,Body Shaming,Biased,Synthetic
3822,He looks ugly,No,Body Shaming,Biased,Synthetic
3823,You are too fat to be fit,No,Body Shaming,Biased,Synthetic
3824,He looks ugly,No,Body Shaming,Biased,Synthetic
3825,He looks ugly,No,Body Shaming,Biased,Synthetic
3826,She is too skinny,No,Body Shaming,Biased,Synthetic
3827,He looks ugly,No,Body Shaming,Biased,Synthetic
3828,She is too skinny,No,Body Shaming,Biased,Synthetic
3829,You are too fat to be fit,No,Body Shaming,Biased,Synthetic
3830,You are too fat to be fit,No,Body Shaming,Biased,Synthetic
3831,You are too fat to be fit,No,Body Shaming,Biased,Synthetic
3832,She is too skinny,No,Body Shaming,Biased,Synthetic
3833,You are too fat to be fit,No,Body Shaming,Biased,Synthetic
3834,She is too skinny,No,Body Shaming,Biased,Synthetic
3835,She is too skinny,No,Body Shaming,Biased,Synthetic
3836,He looks ugly,No,Body Shaming,Biased,Synthetic
3837,You are too fat to be fit,No,Body Shaming,Biased,Synthetic
3838,She is too skinny,No,Body Shaming,Biased,Synthetic
3839,You are too fat to be fit,No,Body Shaming,Biased,Synthetic
3840,You are too fat to be fit,No,Body Shaming,Biased,Synthetic
3841,She is too skinny,No,Body Shaming,Biased,Synthetic
3842,He looks ugly,No,Body Shaming,Biased,Synthetic
3843,You are too fat to be fit,No,Body Shaming,Biased,Synthetic
3844,She is too skinny,No,Body Shaming,Biased,Synthetic
3845,She is too skinny,No,Body Shaming,Biased,Synthetic
3846,You are too fat to be fit,No,Body Shaming,Biased,Synthetic
3847,She is too skinny,No,Body Shaming,Biased,Synthetic
3848,He looks ugly,No,Body Shaming,Biased,Synthetic
3849,He looks ugly,No,Body Shaming,Biased,Synthetic
3850,He looks ugly,No,Body Shaming,Biased,Synthetic
3851,People from other countries can't be trusted,No,Xenophobia,Biased,Synthetic
3852,Immigrants take jobs,No,Xenophobia,Biased,Synthetic
3853,Immigrants take jobs,No,Xenophobia,Biased,Synthetic
3854,Foreigners should leave,No,Xenophobia,Biased,Synthetic
3855,Immigrants take jobs,No,Xenophobia,Biased,Synthetic
3856,Immigrants take jobs,No,Xenophobia,Biased,Synthetic
3857,People from other countries can't be trusted,No,Xenophobia,Biased,Synthetic
3858,People from other countries can't be trusted,No,Xenophobia,Biased,Synthetic
3859,People from other countries can't be trusted,No,Xenophobia,Biased,Synthetic
3860,Foreigners should leave,No,Xenophobia,Biased,Synthetic
3861,Immigrants take jobs,No,Xenophobia,Biased,Synthetic
3862,Foreigners should leave,No,Xenophobia,Biased,Synthetic
3863,Foreigners should leave,No,Xenophobia,Biased,Synthetic
3864,Foreigners should leave,No,Xenophobia,Biased,Synthetic
3865,People from other countries can't be trusted,No,Xenophobia,Biased,Synthetic
3866,Foreigners should leave,No,Xenophobia,Biased,Synthetic
3867,Foreigners should leave,No,Xenophobia,Biased,Synthetic
3868,Immigrants take jobs,No,Xenophobia,Biased,Synthetic
3869,Immigrants take jobs,No,Xenophobia,Biased,Synthetic
3870,People from other countries can't be trusted,No,Xenophobia,Biased,Synthetic
3871,People from other countries can't be trusted,No,Xenophobia,Biased,Synthetic
3872,Foreigners should leave,No,Xenophobia,Biased,Synthetic
3873,People from other countries can't be trusted,No,Xenophobia,Biased,Synthetic
3874,Foreigners should leave,No,Xenophobia,Biased,Synthetic
3875,Immigrants take jobs,No,Xenophobia,Biased,Synthetic
3876,Foreigners should leave,No,Xenophobia,Biased,Synthetic
3877,Immigrants take jobs,No,Xenophobia,Biased,Synthetic
3878,Foreigners should leave,No,Xenophobia,Biased,Synthetic
3879,Foreigners should leave,No,Xenophobia,Biased,Synthetic
3880,Foreigners should leave,No,Xenophobia,Biased,Synthetic
3881,People from other countries can't be trusted,No,Xenophobia,Biased,Synthetic
3882,Foreigners should leave,No,Xenophobia,Biased,Synthetic
3883,Immigrants take jobs,No,Xenophobia,Biased,Synthetic
3884,Foreigners should leave,No,Xenophobia,Biased,Synthetic
3885,Immigrants take jobs,No,Xenophobia,Biased,Synthetic
3886,Foreigners should leave,No,Xenophobia,Biased,Synthetic
3887,Foreigners should leave,No,Xenophobia,Biased,Synthetic
3888,Immigrants take jobs,No,Xenophobia,Biased,Synthetic
3889,Foreigners should leave,No,Xenophobia,Biased,Synthetic
3890,People from other countries can't be trusted,No,Xenophobia,Biased,Synthetic
3891,People from other countries can't be trusted,No,Xenophobia,Biased,Synthetic
3892,Immigrants take jobs,No,Xenophobia,Biased,Synthetic
3893,Foreigners should leave,No,Xenophobia,Biased,Synthetic
3894,Immigrants take jobs,No,Xenophobia,Biased,Synthetic
3895,Foreigners should leave,No,Xenophobia,Biased,Synthetic
3896,Foreigners should leave,No,Xenophobia,Biased,Synthetic
3897,Foreigners should leave,No,Xenophobia,Biased,Synthetic
3898,Foreigners should leave,No,Xenophobia,Biased,Synthetic
3899,People from other countries can't be trusted,No,Xenophobia,Biased,Synthetic
3900,People from other countries can't be trusted,No,Xenophobia,Biased,Synthetic
3901,Immigrants take jobs,No,Xenophobia,Biased,Synthetic
3902,Immigrants take jobs,No,Xenophobia,Biased,Synthetic
3903,Immigrants take jobs,No,Xenophobia,Biased,Synthetic
3904,People from other countries can't be trusted,No,Xenophobia,Biased,Synthetic
3905,Foreigners should leave,No,Xenophobia,Biased,Synthetic
3906,Foreigners should leave,No,Xenophobia,Biased,Synthetic
3907,Immigrants take jobs,No,Xenophobia,Biased,Synthetic
3908,Immigrants take jobs,No,Xenophobia,Biased,Synthetic
3909,People from other countries can't be trusted,No,Xenophobia,Biased,Synthetic
3910,Immigrants take jobs,No,Xenophobia,Biased,Synthetic
3911,People from other countries can't be trusted,No,Xenophobia,Biased,Synthetic
3912,Immigrants take jobs,No,Xenophobia,Biased,Synthetic
3913,People from other countries can't be trusted,No,Xenophobia,Biased,Synthetic
3914,Immigrants take jobs,No,Xenophobia,Biased,Synthetic
3915,Immigrants take jobs,No,Xenophobia,Biased,Synthetic
3916,Immigrants take jobs,No,Xenophobia,Biased,Synthetic
3917,Foreigners should leave,No,Xenophobia,Biased,Synthetic
3918,Foreigners should leave,No,Xenophobia,Biased,Synthetic
3919,Foreigners should leave,No,Xenophobia,Biased,Synthetic
3920,Foreigners should leave,No,Xenophobia,Biased,Synthetic
3921,People from other countries can't be trusted,No,Xenophobia,Biased,Synthetic
3922,Immigrants take jobs,No,Xenophobia,Biased,Synthetic
3923,Immigrants take jobs,No,Xenophobia,Biased,Synthetic
3924,Foreigners should leave,No,Xenophobia,Biased,Synthetic
3925,Foreigners should leave,No,Xenophobia,Biased,Synthetic
3926,Foreigners should leave,No,Xenophobia,Biased,Synthetic
3927,Foreigners should leave,No,Xenophobia,Biased,Synthetic
3928,Immigrants take jobs,No,Xenophobia,Biased,Synthetic
3929,Foreigners should leave,No,Xenophobia,Biased,Synthetic
3930,Foreigners should leave,No,Xenophobia,Biased,Synthetic
3931,Foreigners should leave,No,Xenophobia,Biased,Synthetic
3932,People from other countries can't be trusted,No,Xenophobia,Biased,Synthetic
3933,Immigrants take jobs,No,Xenophobia,Biased,Synthetic
3934,Immigrants take jobs,No,Xenophobia,Biased,Synthetic
3935,Foreigners should leave,No,Xenophobia,Biased,Synthetic
3936,People from other countries can't be trusted,No,Xenophobia,Biased,Synthetic
3937,Immigrants take jobs,No,Xenophobia,Biased,Synthetic
3938,Immigrants take jobs,No,Xenophobia,Biased,Synthetic
3939,Foreigners should leave,No,Xenophobia,Biased,Synthetic
3940,People from other countries can't be trusted,No,Xenophobia,Biased,Synthetic
3941,People from other countries can't be trusted,No,Xenophobia,Biased,Synthetic
3942,Foreigners should leave,No,Xenophobia,Biased,Synthetic
3943,People from other countries can't be trusted,No,Xenophobia,Biased,Synthetic
3944,Foreigners should leave,No,Xenophobia,Biased,Synthetic
3945,Immigrants take jobs,No,Xenophobia,Biased,Synthetic
3946,Immigrants take jobs,No,Xenophobia,Biased,Synthetic
3947,Foreigners should leave,No,Xenophobia,Biased,Synthetic
3948,Immigrants take jobs,No,Xenophobia,Biased,Synthetic
3949,People from other countries can't be trusted,No,Xenophobia,Biased,Synthetic
3950,Foreigners should leave,No,Xenophobia,Biased,Synthetic
3951,Immigrants take jobs,No,Xenophobia,Biased,Synthetic
3952,Immigrants take jobs,No,Xenophobia,Biased,Synthetic
3953,People from other countries can't be trusted,No,Xenophobia,Biased,Synthetic
3954,People from other countries can't be trusted,No,Xenophobia,Biased,Synthetic
3955,Foreigners should leave,No,Xenophobia,Biased,Synthetic
3956,People from other countries can't be trusted,No,Xenophobia,Biased,Synthetic
3957,Foreigners should leave,No,Xenophobia,Biased,Synthetic
3958,People from other countries can't be trusted,No,Xenophobia,Biased,Synthetic
3959,People from other countries can't be trusted,No,Xenophobia,Biased,Synthetic
3960,People from other countries can't be trusted,No,Xenophobia,Biased,Synthetic
3961,People from other countries can't be trusted,No,Xenophobia,Biased,Synthetic
3962,Foreigners should leave,No,Xenophobia,Biased,Synthetic
3963,Foreigners should leave,No,Xenophobia,Biased,Synthetic
3964,Immigrants take jobs,No,Xenophobia,Biased,Synthetic
3965,People from other countries can't be trusted,No,Xenophobia,Biased,Synthetic
3966,Foreigners should leave,No,Xenophobia,Biased,Synthetic
3967,Immigrants take jobs,No,Xenophobia,Biased,Synthetic
3968,Foreigners should leave,No,Xenophobia,Biased,Synthetic
3969,Immigrants take jobs,No,Xenophobia,Biased,Synthetic
3970,Immigrants take jobs,No,Xenophobia,Biased,Synthetic
3971,Immigrants take jobs,No,Xenophobia,Biased,Synthetic
3972,Foreigners should leave,No,Xenophobia,Biased,Synthetic
3973,Immigrants take jobs,No,Xenophobia,Biased,Synthetic
3974,Immigrants take jobs,No,Xenophobia,Biased,Synthetic
3975,People from other countries can't be trusted,No,Xenophobia,Biased,Synthetic
3976,Immigrants take jobs,No,Xenophobia,Biased,Synthetic
3977,Foreigners should leave,No,Xenophobia,Biased,Synthetic
3978,Foreigners should leave,No,Xenophobia,Biased,Synthetic
3979,Immigrants take jobs,No,Xenophobia,Biased,Synthetic
3980,People from other countries can't be trusted,No,Xenophobia,Biased,Synthetic
3981,Foreigners should leave,No,Xenophobia,Biased,Synthetic
3982,Immigrants take jobs,No,Xenophobia,Biased,Synthetic
3983,Foreigners should leave,No,Xenophobia,Biased,Synthetic
3984,Immigrants take jobs,No,Xenophobia,Biased,Synthetic
3985,Foreigners should leave,No,Xenophobia,Biased,Synthetic
3986,People from other countries can't be trusted,No,Xenophobia,Biased,Synthetic
3987,People from other countries can't be trusted,No,Xenophobia,Biased,Synthetic
3988,Immigrants take jobs,No,Xenophobia,Biased,Synthetic
3989,People from other countries can't be trusted,No,Xenophobia,Biased,Synthetic
3990,Foreigners should leave,No,Xenophobia,Biased,Synthetic
3991,People from other countries can't be trusted,No,Xenophobia,Biased,Synthetic
3992,Foreigners should leave,No,Xenophobia,Biased,Synthetic
3993,Immigrants take jobs,No,Xenophobia,Biased,Synthetic
3994,Immigrants take jobs,No,Xenophobia,Biased,Synthetic
3995,Foreigners should leave,No,Xenophobia,Biased,Synthetic
3996,People from other countries can't be trusted,No,Xenophobia,Biased,Synthetic
3997,Foreigners should leave,No,Xenophobia,Biased,Synthetic
3998,Foreigners should leave,No,Xenophobia,Biased,Synthetic
3999,People from other countries can't be trusted,No,Xenophobia,Biased,Synthetic
4000,Immigrants take jobs,No,Xenophobia,Biased,Synthetic
4001,Immigrants take jobs,No,Xenophobia,Biased,Synthetic
4002,People from other countries can't be trusted,No,Xenophobia,Biased,Synthetic
4003,Foreigners should leave,No,Xenophobia,Biased,Synthetic
4004,People from other countries can't be trusted,No,Xenophobia,Biased,Synthetic
4005,Immigrants take jobs,No,Xenophobia,Biased,Synthetic
4006,People from other countries can't be trusted,No,Xenophobia,Biased,Synthetic
4007,Immigrants take jobs,No,Xenophobia,Biased,Synthetic
4008,Immigrants take jobs,No,Xenophobia,Biased,Synthetic
4009,Foreigners should leave,No,Xenophobia,Biased,Synthetic
4010,Foreigners should leave,No,Xenophobia,Biased,Synthetic
4011,Foreigners should leave,No,Xenophobia,Biased,Synthetic
4012,People from other countries can't be trusted,No,Xenophobia,Biased,Synthetic
4013,Foreigners should leave,No,Xenophobia,Biased,Synthetic
4014,Immigrants take jobs,No,Xenophobia,Biased,Synthetic
4015,People from other countries can't be trusted,No,Xenophobia,Biased,Synthetic
4016,People from other countries can't be trusted,No,Xenophobia,Biased,Synthetic
4017,Foreigners should leave,No,Xenophobia,Biased,Synthetic
4018,People from other countries can't be trusted,No,Xenophobia,Biased,Synthetic
4019,Immigrants take jobs,No,Xenophobia,Biased,Synthetic
4020,Foreigners should leave,No,Xenophobia,Biased,Synthetic
4021,Foreigners should leave,No,Xenophobia,Biased,Synthetic
4022,People from other countries can't be trusted,No,Xenophobia,Biased,Synthetic
4023,People from other countries can't be trusted,No,Xenophobia,Biased,Synthetic
4024,Immigrants take jobs,No,Xenophobia,Biased,Synthetic
4025,Foreigners should leave,No,Xenophobia,Biased,Synthetic
4026,Foreigners should leave,No,Xenophobia,Biased,Synthetic
4027,People from other countries can't be trusted,No,Xenophobia,Biased,Synthetic
4028,Immigrants take jobs,No,Xenophobia,Biased,Synthetic
4029,Immigrants take jobs,No,Xenophobia,Biased,Synthetic
4030,Foreigners should leave,No,Xenophobia,Biased,Synthetic
4031,Foreigners should leave,No,Xenophobia,Biased,Synthetic
4032,Immigrants take jobs,No,Xenophobia,Biased,Synthetic
4033,People from other countries can't be trusted,No,Xenophobia,Biased,Synthetic
4034,People from other countries can't be trusted,No,Xenophobia,Biased,Synthetic
4035,Foreigners should leave,No,Xenophobia,Biased,Synthetic
4036,Immigrants take jobs,No,Xenophobia,Biased,Synthetic
4037,Immigrants take jobs,No,Xenophobia,Biased,Synthetic
4038,Immigrants take jobs,No,Xenophobia,Biased,Synthetic
4039,Immigrants take jobs,No,Xenophobia,Biased,Synthetic
4040,Immigrants take jobs,No,Xenophobia,Biased,Synthetic
4041,Immigrants take jobs,No,Xenophobia,Biased,Synthetic
4042,Foreigners should leave,No,Xenophobia,Biased,Synthetic
4043,Immigrants take jobs,No,Xenophobia,Biased,Synthetic
4044,Foreigners should leave,No,Xenophobia,Biased,Synthetic
4045,Immigrants take jobs,No,Xenophobia,Biased,Synthetic
4046,Foreigners should leave,No,Xenophobia,Biased,Synthetic
4047,People from other countries can't be trusted,No,Xenophobia,Biased,Synthetic
4048,Foreigners should leave,No,Xenophobia,Biased,Synthetic
4049,People from other countries can't be trusted,No,Xenophobia,Biased,Synthetic
4050,Foreigners should leave,No,Xenophobia,Biased,Synthetic
4051,People from other countries can't be trusted,No,Xenophobia,Biased,Synthetic
4052,Foreigners should leave,No,Xenophobia,Biased,Synthetic
4053,Foreigners should leave,No,Xenophobia,Biased,Synthetic
4054,Foreigners should leave,No,Xenophobia,Biased,Synthetic
4055,People from other countries can't be trusted,No,Xenophobia,Biased,Synthetic
4056,Foreigners should leave,No,Xenophobia,Biased,Synthetic
4057,Immigrants take jobs,No,Xenophobia,Biased,Synthetic
4058,Immigrants take jobs,No,Xenophobia,Biased,Synthetic
4059,People from other countries can't be trusted,No,Xenophobia,Biased,Synthetic
4060,Foreigners should leave,No,Xenophobia,Biased,Synthetic
4061,Foreigners should leave,No,Xenophobia,Biased,Synthetic
4062,Foreigners should leave,No,Xenophobia,Biased,Synthetic
4063,Immigrants take jobs,No,Xenophobia,Biased,Synthetic
4064,Foreigners should leave,No,Xenophobia,Biased,Synthetic
4065,Foreigners should leave,No,Xenophobia,Biased,Synthetic
4066,Immigrants take jobs,No,Xenophobia,Biased,Synthetic
4067,Foreigners should leave,No,Xenophobia,Biased,Synthetic
4068,Foreigners should leave,No,Xenophobia,Biased,Synthetic
4069,Foreigners should leave,No,Xenophobia,Biased,Synthetic
4070,Foreigners should leave,No,Xenophobia,Biased,Synthetic
4071,Foreigners should leave,No,Xenophobia,Biased,Synthetic
4072,Immigrants take jobs,No,Xenophobia,Biased,Synthetic
4073,Immigrants take jobs,No,Xenophobia,Biased,Synthetic
4074,Immigrants take jobs,No,Xenophobia,Biased,Synthetic
4075,Foreigners should leave,No,Xenophobia,Biased,Synthetic
4076,Foreigners should leave,No,Xenophobia,Biased,Synthetic
4077,Immigrants take jobs,No,Xenophobia,Biased,Synthetic
4078,People from other countries can't be trusted,No,Xenophobia,Biased,Synthetic
4079,People from other countries can't be trusted,No,Xenophobia,Biased,Synthetic
4080,Immigrants take jobs,No,Xenophobia,Biased,Synthetic
4081,Foreigners should leave,No,Xenophobia,Biased,Synthetic
4082,Immigrants take jobs,No,Xenophobia,Biased,Synthetic
4083,People from other countries can't be trusted,No,Xenophobia,Biased,Synthetic
4084,People from other countries can't be trusted,No,Xenophobia,Biased,Synthetic
4085,Immigrants take jobs,No,Xenophobia,Biased,Synthetic
4086,Immigrants take jobs,No,Xenophobia,Biased,Synthetic
4087,Immigrants take jobs,No,Xenophobia,Biased,Synthetic
4088,Foreigners should leave,No,Xenophobia,Biased,Synthetic
4089,Foreigners should leave,No,Xenophobia,Biased,Synthetic
4090,People from other countries can't be trusted,No,Xenophobia,Biased,Synthetic
4091,People from other countries can't be trusted,No,Xenophobia,Biased,Synthetic
4092,Foreigners should leave,No,Xenophobia,Biased,Synthetic
4093,Foreigners should leave,No,Xenophobia,Biased,Synthetic
4094,Foreigners should leave,No,Xenophobia,Biased,Synthetic
4095,Immigrants take jobs,No,Xenophobia,Biased,Synthetic
4096,Foreigners should leave,No,Xenophobia,Biased,Synthetic
4097,Foreigners should leave,No,Xenophobia,Biased,Synthetic
4098,Foreigners should leave,No,Xenophobia,Biased,Synthetic
4099,Foreigners should leave,No,Xenophobia,Biased,Synthetic
4100,People from other countries can't be trusted,No,Xenophobia,Biased,Synthetic
4101,Immigrants take jobs,No,Xenophobia,Biased,Synthetic
4102,People from other countries can't be trusted,No,Xenophobia,Biased,Synthetic
4103,Foreigners should leave,No,Xenophobia,Biased,Synthetic
4104,Immigrants take jobs,No,Xenophobia,Biased,Synthetic
4105,People from other countries can't be trusted,No,Xenophobia,Biased,Synthetic
4106,People from other countries can't be trusted,No,Xenophobia,Biased,Synthetic
4107,Immigrants take jobs,No,Xenophobia,Biased,Synthetic
4108,People from other countries can't be trusted,No,Xenophobia,Biased,Synthetic
4109,Immigrants take jobs,No,Xenophobia,Biased,Synthetic
4110,Immigrants take jobs,No,Xenophobia,Biased,Synthetic
4111,People from other countries can't be trusted,No,Xenophobia,Biased,Synthetic
4112,Immigrants take jobs,No,Xenophobia,Biased,Synthetic
4113,Immigrants take jobs,No,Xenophobia,Biased,Synthetic
4114,Foreigners should leave,No,Xenophobia,Biased,Synthetic
4115,Immigrants take jobs,No,Xenophobia,Biased,Synthetic
4116,Foreigners should leave,No,Xenophobia,Biased,Synthetic
4117,Foreigners should leave,No,Xenophobia,Biased,Synthetic
4118,Immigrants take jobs,No,Xenophobia,Biased,Synthetic
4119,Foreigners should leave,No,Xenophobia,Biased,Synthetic
4120,Foreigners should leave,No,Xenophobia,Biased,Synthetic
4121,People from other countries can't be trusted,No,Xenophobia,Biased,Synthetic
4122,Foreigners should leave,No,Xenophobia,Biased,Synthetic
4123,Immigrants take jobs,No,Xenophobia,Biased,Synthetic
4124,People from other countries can't be trusted,No,Xenophobia,Biased,Synthetic
4125,Immigrants take jobs,No,Xenophobia,Biased,Synthetic
4126,Immigrants take jobs,No,Xenophobia,Biased,Synthetic
4127,Immigrants take jobs,No,Xenophobia,Biased,Synthetic
4128,Immigrants take jobs,No,Xenophobia,Biased,Synthetic
4129,People from other countries can't be trusted,No,Xenophobia,Biased,Synthetic
4130,People from other countries can't be trusted,No,Xenophobia,Biased,Synthetic
4131,Immigrants take jobs,No,Xenophobia,Biased,Synthetic
4132,Foreigners should leave,No,Xenophobia,Biased,Synthetic
4133,Immigrants take jobs,No,Xenophobia,Biased,Synthetic
4134,Foreigners should leave,No,Xenophobia,Biased,Synthetic
4135,People from other countries can't be trusted,No,Xenophobia,Biased,Synthetic
4136,Foreigners should leave,No,Xenophobia,Biased,Synthetic
4137,Foreigners should leave,No,Xenophobia,Biased,Synthetic
4138,Immigrants take jobs,No,Xenophobia,Biased,Synthetic
4139,Foreigners should leave,No,Xenophobia,Biased,Synthetic
4140,Immigrants take jobs,No,Xenophobia,Biased,Synthetic
4141,Foreigners should leave,No,Xenophobia,Biased,Synthetic
4142,People from other countries can't be trusted,No,Xenophobia,Biased,Synthetic
4143,Foreigners should leave,No,Xenophobia,Biased,Synthetic
4144,Immigrants take jobs,No,Xenophobia,Biased,Synthetic
4145,People from other countries can't be trusted,No,Xenophobia,Biased,Synthetic
4146,People from other countries can't be trusted,No,Xenophobia,Biased,Synthetic
4147,Foreigners should leave,No,Xenophobia,Biased,Synthetic
4148,Immigrants take jobs,No,Xenophobia,Biased,Synthetic
4149,Foreigners should leave,No,Xenophobia,Biased,Synthetic
4150,Immigrants take jobs,No,Xenophobia,Biased,Synthetic
4151,People from other countries can't be trusted,No,Xenophobia,Biased,Synthetic
4152,Foreigners should leave,No,Xenophobia,Biased,Synthetic
4153,People from other countries can't be trusted,No,Xenophobia,Biased,Synthetic
4154,Foreigners should leave,No,Xenophobia,Biased,Synthetic
4155,People from other countries can't be trusted,No,Xenophobia,Biased,Synthetic
4156,Immigrants take jobs,No,Xenophobia,Biased,Synthetic
4157,People from other countries can't be trusted,No,Xenophobia,Biased,Synthetic
4158,Immigrants take jobs,No,Xenophobia,Biased,Synthetic
4159,Immigrants take jobs,No,Xenophobia,Biased,Synthetic
4160,Foreigners should leave,No,Xenophobia,Biased,Synthetic
4161,Foreigners should leave,No,Xenophobia,Biased,Synthetic
4162,Foreigners should leave,No,Xenophobia,Biased,Synthetic
4163,Immigrants take jobs,No,Xenophobia,Biased,Synthetic
4164,People from other countries can't be trusted,No,Xenophobia,Biased,Synthetic
4165,Immigrants take jobs,No,Xenophobia,Biased,Synthetic
4166,People from other countries can't be trusted,No,Xenophobia,Biased,Synthetic
4167,People from other countries can't be trusted,No,Xenophobia,Biased,Synthetic
4168,Immigrants take jobs,No,Xenophobia,Biased,Synthetic
4169,People from other countries can't be trusted,No,Xenophobia,Biased,Synthetic
4170,Immigrants take jobs,No,Xenophobia,Biased,Synthetic
4171,Immigrants take jobs,No,Xenophobia,Biased,Synthetic
4172,Immigrants take jobs,No,Xenophobia,Biased,Synthetic
4173,Immigrants take jobs,No,Xenophobia,Biased,Synthetic
4174,Foreigners should leave,No,Xenophobia,Biased,Synthetic
4175,People from other countries can't be trusted,No,Xenophobia,Biased,Synthetic
4176,Immigrants take jobs,No,Xenophobia,Biased,Synthetic
4177,People from other countries can't be trusted,No,Xenophobia,Biased,Synthetic
4178,Immigrants take jobs,No,Xenophobia,Biased,Synthetic
4179,People from other countries can't be trusted,No,Xenophobia,Biased,Synthetic
4180,Immigrants take jobs,No,Xenophobia,Biased,Synthetic
4181,People from other countries can't be trusted,No,Xenophobia,Biased,Synthetic
4182,Foreigners should leave,No,Xenophobia,Biased,Synthetic
4183,Immigrants take jobs,No,Xenophobia,Biased,Synthetic
4184,Foreigners should leave,No,Xenophobia,Biased,Synthetic
4185,People from other countries can't be trusted,No,Xenophobia,Biased,Synthetic
4186,Foreigners should leave,No,Xenophobia,Biased,Synthetic
4187,Foreigners should leave,No,Xenophobia,Biased,Synthetic
4188,Foreigners should leave,No,Xenophobia,Biased,Synthetic
4189,Immigrants take jobs,No,Xenophobia,Biased,Synthetic
4190,Foreigners should leave,No,Xenophobia,Biased,Synthetic
4191,People from other countries can't be trusted,No,Xenophobia,Biased,Synthetic
4192,Immigrants take jobs,No,Xenophobia,Biased,Synthetic
4193,Foreigners should leave,No,Xenophobia,Biased,Synthetic
4194,Foreigners should leave,No,Xenophobia,Biased,Synthetic
4195,Foreigners should leave,No,Xenophobia,Biased,Synthetic
4196,Foreigners should leave,No,Xenophobia,Biased,Synthetic
4197,Immigrants take jobs,No,Xenophobia,Biased,Synthetic
4198,Foreigners should leave,No,Xenophobia,Biased,Synthetic
4199,Immigrants take jobs,No,Xenophobia,Biased,Synthetic
4200,Immigrants take jobs,No,Xenophobia,Biased,Synthetic
4201,Rich deserve more,No,Classism,Biased,Synthetic
4202,Rich deserve more,No,Classism,Biased,Synthetic
4203,Poor people are lazy,No,Classism,Biased,Synthetic
4204,Lower class lacks ambition,No,Classism,Biased,Synthetic
4205,Poor people are lazy,No,Classism,Biased,Synthetic
4206,Poor people are lazy,No,Classism,Biased,Synthetic
4207,Rich deserve more,No,Classism,Biased,Synthetic
4208,Poor people are lazy,No,Classism,Biased,Synthetic
4209,Rich deserve more,No,Classism,Biased,Synthetic
4210,Poor people are lazy,No,Classism,Biased,Synthetic
4211,Poor people are lazy,No,Classism,Biased,Synthetic
4212,Poor people are lazy,No,Classism,Biased,Synthetic
4213,Rich deserve more,No,Classism,Biased,Synthetic
4214,Poor people are lazy,No,Classism,Biased,Synthetic
4215,Lower class lacks ambition,No,Classism,Biased,Synthetic
4216,Rich deserve more,No,Classism,Biased,Synthetic
4217,Lower class lacks ambition,No,Classism,Biased,Synthetic
4218,Poor people are lazy,No,Classism,Biased,Synthetic
4219,Lower class lacks ambition,No,Classism,Biased,Synthetic
4220,Poor people are lazy,No,Classism,Biased,Synthetic
4221,Poor people are lazy,No,Classism,Biased,Synthetic
4222,Poor people are lazy,No,Classism,Biased,Synthetic
4223,Poor people are lazy,No,Classism,Biased,Synthetic
4224,Lower class lacks ambition,No,Classism,Biased,Synthetic
4225,Rich deserve more,No,Classism,Biased,Synthetic
4226,Poor people are lazy,No,Classism,Biased,Synthetic
4227,Rich deserve more,No,Classism,Biased,Synthetic
4228,Poor people are lazy,No,Classism,Biased,Synthetic
4229,Lower class lacks ambition,No,Classism,Biased,Synthetic
4230,Rich deserve more,No,Classism,Biased,Synthetic
4231,Lower class lacks ambition,No,Classism,Biased,Synthetic
4232,Rich deserve more,No,Classism,Biased,Synthetic
4233,Lower class lacks ambition,No,Classism,Biased,Synthetic
4234,Poor people are lazy,No,Classism,Biased,Synthetic
4235,Lower class lacks ambition,No,Classism,Biased,Synthetic
4236,Rich deserve more,No,Classism,Biased,Synthetic
4237,Lower class lacks ambition,No,Classism,Biased,Synthetic
4238,Rich deserve more,No,Classism,Biased,Synthetic
4239,Lower class lacks ambition,No,Classism,Biased,Synthetic
4240,Poor people are lazy,No,Classism,Biased,Synthetic
4241,Poor people are lazy,No,Classism,Biased,Synthetic
4242,Lower class lacks ambition,No,Classism,Biased,Synthetic
4243,Lower class lacks ambition,No,Classism,Biased,Synthetic
4244,Poor people are lazy,No,Classism,Biased,Synthetic
4245,Poor people are lazy,No,Classism,Biased,Synthetic
4246,Poor people are lazy,No,Classism,Biased,Synthetic
4247,Rich deserve more,No,Classism,Biased,Synthetic
4248,Rich deserve more,No,Classism,Biased,Synthetic
4249,Poor people are lazy,No,Classism,Biased,Synthetic
4250,Rich deserve more,No,Classism,Biased,Synthetic
4251,Rich deserve more,No,Classism,Biased,Synthetic
4252,Lower class lacks ambition,No,Classism,Biased,Synthetic
4253,Poor people are lazy,No,Classism,Biased,Synthetic
4254,Lower class lacks ambition,No,Classism,Biased,Synthetic
4255,Poor people are lazy,No,Classism,Biased,Synthetic
4256,Rich deserve more,No,Classism,Biased,Synthetic
4257,Rich deserve more,No,Classism,Biased,Synthetic
4258,Lower class lacks ambition,No,Classism,Biased,Synthetic
4259,Lower class lacks ambition,No,Classism,Biased,Synthetic
4260,Lower class lacks ambition,No,Classism,Biased,Synthetic
4261,Rich deserve more,No,Classism,Biased,Synthetic
4262,Rich deserve more,No,Classism,Biased,Synthetic
4263,Rich deserve more,No,Classism,Biased,Synthetic
4264,Rich deserve more,No,Classism,Biased,Synthetic
4265,Lower class lacks ambition,No,Classism,Biased,Synthetic
4266,Lower class lacks ambition,No,Classism,Biased,Synthetic
4267,Rich deserve more,No,Classism,Biased,Synthetic
4268,Lower class lacks ambition,No,Classism,Biased,Synthetic
4269,Rich deserve more,No,Classism,Biased,Synthetic
4270,Rich deserve more,No,Classism,Biased,Synthetic
4271,Rich deserve more,No,Classism,Biased,Synthetic
4272,Lower class lacks ambition,No,Classism,Biased,Synthetic
4273,Rich deserve more,No,Classism,Biased,Synthetic
4274,Poor people are lazy,No,Classism,Biased,Synthetic
4275,Lower class lacks ambition,No,Classism,Biased,Synthetic
4276,Lower class lacks ambition,No,Classism,Biased,Synthetic
4277,Lower class lacks ambition,No,Classism,Biased,Synthetic
4278,Poor people are lazy,No,Classism,Biased,Synthetic
4279,Lower class lacks ambition,No,Classism,Biased,Synthetic
4280,Lower class lacks ambition,No,Classism,Biased,Synthetic
4281,Lower class lacks ambition,No,Classism,Biased,Synthetic
4282,Lower class lacks ambition,No,Classism,Biased,Synthetic
4283,Poor people are lazy,No,Classism,Biased,Synthetic
4284,Rich deserve more,No,Classism,Biased,Synthetic
4285,Lower class lacks ambition,No,Classism,Biased,Synthetic
4286,Poor people are lazy,No,Classism,Biased,Synthetic
4287,Rich deserve more,No,Classism,Biased,Synthetic
4288,Lower class lacks ambition,No,Classism,Biased,Synthetic
4289,Poor people are lazy,No,Classism,Biased,Synthetic
4290,Lower class lacks ambition,No,Classism,Biased,Synthetic
4291,Poor people are lazy,No,Classism,Biased,Synthetic
4292,Lower class lacks ambition,No,Classism,Biased,Synthetic
4293,Rich deserve more,No,Classism,Biased,Synthetic
4294,Poor people are lazy,No,Classism,Biased,Synthetic
4295,Rich deserve more,No,Classism,Biased,Synthetic
4296,Poor people are lazy,No,Classism,Biased,Synthetic
4297,Poor people are lazy,No,Classism,Biased,Synthetic
4298,Rich deserve more,No,Classism,Biased,Synthetic
4299,Lower class lacks ambition,No,Classism,Biased,Synthetic
4300,Poor people are lazy,No,Classism,Biased,Synthetic
4301,Rich deserve more,No,Classism,Biased,Synthetic
4302,Rich deserve more,No,Classism,Biased,Synthetic
4303,Lower class lacks ambition,No,Classism,Biased,Synthetic
4304,Poor people are lazy,No,Classism,Biased,Synthetic
4305,Rich deserve more,No,Classism,Biased,Synthetic
4306,Lower class lacks ambition,No,Classism,Biased,Synthetic
4307,Poor people are lazy,No,Classism,Biased,Synthetic
4308,Poor people are lazy,No,Classism,Biased,Synthetic
4309,Rich deserve more,No,Classism,Biased,Synthetic
4310,Lower class lacks ambition,No,Classism,Biased,Synthetic
4311,Rich deserve more,No,Classism,Biased,Synthetic
4312,Poor people are lazy,No,Classism,Biased,Synthetic
4313,Rich deserve more,No,Classism,Biased,Synthetic
4314,Rich deserve more,No,Classism,Biased,Synthetic
4315,Lower class lacks ambition,No,Classism,Biased,Synthetic
4316,Poor people are lazy,No,Classism,Biased,Synthetic
4317,Lower class lacks ambition,No,Classism,Biased,Synthetic
4318,Lower class lacks ambition,No,Classism,Biased,Synthetic
4319,Poor people are lazy,No,Classism,Biased,Synthetic
4320,Poor people are lazy,No,Classism,Biased,Synthetic
4321,Rich deserve more,No,Classism,Biased,Synthetic
4322,Poor people are lazy,No,Classism,Biased,Synthetic
4323,Rich deserve more,No,Classism,Biased,Synthetic
4324,Rich deserve more,No,Classism,Biased,Synthetic
4325,Lower class lacks ambition,No,Classism,Biased,Synthetic
4326,Poor people are lazy,No,Classism,Biased,Synthetic
4327,Rich deserve more,No,Classism,Biased,Synthetic
4328,Rich deserve more,No,Classism,Biased,Synthetic
4329,Poor people are lazy,No,Classism,Biased,Synthetic
4330,Poor people are lazy,No,Classism,Biased,Synthetic
4331,Lower class lacks ambition,No,Classism,Biased,Synthetic
4332,Lower class lacks ambition,No,Classism,Biased,Synthetic
4333,Rich deserve more,No,Classism,Biased,Synthetic
4334,Rich deserve more,No,Classism,Biased,Synthetic
4335,Lower class lacks ambition,No,Classism,Biased,Synthetic
4336,Lower class lacks ambition,No,Classism,Biased,Synthetic
4337,Poor people are lazy,No,Classism,Biased,Synthetic
4338,Poor people are lazy,No,Classism,Biased,Synthetic
4339,Rich deserve more,No,Classism,Biased,Synthetic
4340,Lower class lacks ambition,No,Classism,Biased,Synthetic
4341,Poor people are lazy,No,Classism,Biased,Synthetic
4342,Lower class lacks ambition,No,Classism,Biased,Synthetic
4343,Lower class lacks ambition,No,Classism,Biased,Synthetic
4344,Rich deserve more,No,Classism,Biased,Synthetic
4345,Lower class lacks ambition,No,Classism,Biased,Synthetic
4346,Lower class lacks ambition,No,Classism,Biased,Synthetic
4347,Lower class lacks ambition,No,Classism,Biased,Synthetic
4348,Lower class lacks ambition,No,Classism,Biased,Synthetic
4349,Poor people are lazy,No,Classism,Biased,Synthetic
4350,Rich deserve more,No,Classism,Biased,Synthetic
4351,Poor people are lazy,No,Classism,Biased,Synthetic
4352,Lower class lacks ambition,No,Classism,Biased,Synthetic
4353,Poor people are lazy,No,Classism,Biased,Synthetic
4354,Poor people are lazy,No,Classism,Biased,Synthetic
4355,Lower class lacks ambition,No,Classism,Biased,Synthetic
4356,Rich deserve more,No,Classism,Biased,Synthetic
4357,Poor people are lazy,No,Classism,Biased,Synthetic
4358,Lower class lacks ambition,No,Classism,Biased,Synthetic
4359,Poor people are lazy,No,Classism,Biased,Synthetic
4360,Rich deserve more,No,Classism,Biased,Synthetic
4361,Poor people are lazy,No,Classism,Biased,Synthetic
4362,Rich deserve more,No,Classism,Biased,Synthetic
4363,Poor people are lazy,No,Classism,Biased,Synthetic
4364,Poor people are lazy,No,Classism,Biased,Synthetic
4365,Poor people are lazy,No,Classism,Biased,Synthetic
4366,Lower class lacks ambition,No,Classism,Biased,Synthetic
4367,Lower class lacks ambition,No,Classism,Biased,Synthetic
4368,Poor people are lazy,No,Classism,Biased,Synthetic
4369,Poor people are lazy,No,Classism,Biased,Synthetic
4370,Lower class lacks ambition,No,Classism,Biased,Synthetic
4371,Rich deserve more,No,Classism,Biased,Synthetic
4372,Lower class lacks ambition,No,Classism,Biased,Synthetic
4373,Lower class lacks ambition,No,Classism,Biased,Synthetic
4374,Rich deserve more,No,Classism,Biased,Synthetic
4375,Poor people are lazy,No,Classism,Biased,Synthetic
4376,Poor people are lazy,No,Classism,Biased,Synthetic
4377,Poor people are lazy,No,Classism,Biased,Synthetic
4378,Lower class lacks ambition,No,Classism,Biased,Synthetic
4379,Poor people are lazy,No,Classism,Biased,Synthetic
4380,Poor people are lazy,No,Classism,Biased,Synthetic
4381,Poor people are lazy,No,Classism,Biased,Synthetic
4382,Lower class lacks ambition,No,Classism,Biased,Synthetic
4383,Rich deserve more,No,Classism,Biased,Synthetic
4384,Rich deserve more,No,Classism,Biased,Synthetic
4385,Lower class lacks ambition,No,Classism,Biased,Synthetic
4386,Rich deserve more,No,Classism,Biased,Synthetic
4387,Poor people are lazy,No,Classism,Biased,Synthetic
4388,Rich deserve more,No,Classism,Biased,Synthetic
4389,Rich deserve more,No,Classism,Biased,Synthetic
4390,Rich deserve more,No,Classism,Biased,Synthetic
4391,Rich deserve more,No,Classism,Biased,Synthetic
4392,Poor people are lazy,No,Classism,Biased,Synthetic
4393,Rich deserve more,No,Classism,Biased,Synthetic
4394,Lower class lacks ambition,No,Classism,Biased,Synthetic
4395,Rich deserve more,No,Classism,Biased,Synthetic
4396,Rich deserve more,No,Classism,Biased,Synthetic
4397,Rich deserve more,No,Classism,Biased,Synthetic
4398,Rich deserve more,No,Classism,Biased,Synthetic
4399,Poor people are lazy,No,Classism,Biased,Synthetic
4400,Poor people are lazy,No,Classism,Biased,Synthetic
4401,Poor people are lazy,No,Classism,Biased,Synthetic
4402,Poor people are lazy,No,Classism,Biased,Synthetic
4403,Poor people are lazy,No,Classism,Biased,Synthetic
4404,Lower class lacks ambition,No,Classism,Biased,Synthetic
4405,Rich deserve more,No,Classism,Biased,Synthetic
4406,Rich deserve more,No,Classism,Biased,Synthetic
4407,Poor people are lazy,No,Classism,Biased,Synthetic
4408,Poor people are lazy,No,Classism,Biased,Synthetic
4409,Lower class lacks ambition,No,Classism,Biased,Synthetic
4410,Lower class lacks ambition,No,Classism,Biased,Synthetic
4411,Rich deserve more,No,Classism,Biased,Synthetic
4412,Poor people are lazy,No,Classism,Biased,Synthetic
4413,Poor people are lazy,No,Classism,Biased,Synthetic
4414,Lower class lacks ambition,No,Classism,Biased,Synthetic
4415,Lower class lacks ambition,No,Classism,Biased,Synthetic
4416,Rich deserve more,No,Classism,Biased,Synthetic
4417,Poor people are lazy,No,Classism,Biased,Synthetic
4418,Lower class lacks ambition,No,Classism,Biased,Synthetic
4419,Poor people are lazy,No,Classism,Biased,Synthetic
4420,Lower class lacks ambition,No,Classism,Biased,Synthetic
4421,Lower class lacks ambition,No,Classism,Biased,Synthetic
4422,Lower class lacks ambition,No,Classism,Biased,Synthetic
4423,Rich deserve more,No,Classism,Biased,Synthetic
4424,Poor people are lazy,No,Classism,Biased,Synthetic
4425,Rich deserve more,No,Classism,Biased,Synthetic
4426,Rich deserve more,No,Classism,Biased,Synthetic
4427,Poor people are lazy,No,Classism,Biased,Synthetic
4428,Lower class lacks ambition,No,Classism,Biased,Synthetic
4429,Rich deserve more,No,Classism,Biased,Synthetic
4430,Lower class lacks ambition,No,Classism,Biased,Synthetic
4431,Rich deserve more,No,Classism,Biased,Synthetic
4432,Poor people are lazy,No,Classism,Biased,Synthetic
4433,Lower class lacks ambition,No,Classism,Biased,Synthetic
4434,Poor people are lazy,No,Classism,Biased,Synthetic
4435,Lower class lacks ambition,No,Classism,Biased,Synthetic
4436,Rich deserve more,No,Classism,Biased,Synthetic
4437,Lower class lacks ambition,No,Classism,Biased,Synthetic
4438,Poor people are lazy,No,Classism,Biased,Synthetic
4439,Poor people are lazy,No,Classism,Biased,Synthetic
4440,Lower class lacks ambition,No,Classism,Biased,Synthetic
4441,Poor people are lazy,No,Classism,Biased,Synthetic
4442,Poor people are lazy,No,Classism,Biased,Synthetic
4443,Poor people are lazy,No,Classism,Biased,Synthetic
4444,Lower class lacks ambition,No,Classism,Biased,Synthetic
4445,Lower class lacks ambition,No,Classism,Biased,Synthetic
4446,Poor people are lazy,No,Classism,Biased,Synthetic
4447,Poor people are lazy,No,Classism,Biased,Synthetic
4448,Rich deserve more,No,Classism,Biased,Synthetic
4449,Lower class lacks ambition,No,Classism,Biased,Synthetic
4450,Rich deserve more,No,Classism,Biased,Synthetic
4451,Lower class lacks ambition,No,Classism,Biased,Synthetic
4452,Poor people are lazy,No,Classism,Biased,Synthetic
4453,Poor people are lazy,No,Classism,Biased,Synthetic
4454,Rich deserve more,No,Classism,Biased,Synthetic
4455,Lower class lacks ambition,No,Classism,Biased,Synthetic
4456,Poor people are lazy,No,Classism,Biased,Synthetic
4457,Rich deserve more,No,Classism,Biased,Synthetic
4458,Rich deserve more,No,Classism,Biased,Synthetic
4459,Rich deserve more,No,Classism,Biased,Synthetic
4460,Lower class lacks ambition,No,Classism,Biased,Synthetic
4461,Rich deserve more,No,Classism,Biased,Synthetic
4462,Lower class lacks ambition,No,Classism,Biased,Synthetic
4463,Lower class lacks ambition,No,Classism,Biased,Synthetic
4464,Lower class lacks ambition,No,Classism,Biased,Synthetic
4465,Poor people are lazy,No,Classism,Biased,Synthetic
4466,Poor people are lazy,No,Classism,Biased,Synthetic
4467,Rich deserve more,No,Classism,Biased,Synthetic
4468,Lower class lacks ambition,No,Classism,Biased,Synthetic
4469,Poor people are lazy,No,Classism,Biased,Synthetic
4470,Rich deserve more,No,Classism,Biased,Synthetic
4471,Rich deserve more,No,Classism,Biased,Synthetic
4472,Rich deserve more,No,Classism,Biased,Synthetic
4473,Rich deserve more,No,Classism,Biased,Synthetic
4474,Poor people are lazy,No,Classism,Biased,Synthetic
4475,Poor people are lazy,No,Classism,Biased,Synthetic
4476,Poor people are lazy,No,Classism,Biased,Synthetic
4477,Rich deserve more,No,Classism,Biased,Synthetic
4478,Rich deserve more,No,Classism,Biased,Synthetic
4479,Poor people are lazy,No,Classism,Biased,Synthetic
4480,Rich deserve more,No,Classism,Biased,Synthetic
4481,Lower class lacks ambition,No,Classism,Biased,Synthetic
4482,Rich deserve more,No,Classism,Biased,Synthetic
4483,Poor people are lazy,No,Classism,Biased,Synthetic
4484,Poor people are lazy,No,Classism,Biased,Synthetic
4485,Rich deserve more,No,Classism,Biased,Synthetic
4486,Rich deserve more,No,Classism,Biased,Synthetic
4487,Poor people are lazy,No,Classism,Biased,Synthetic
4488,Rich deserve more,No,Classism,Biased,Synthetic
4489,Rich deserve more,No,Classism,Biased,Synthetic
4490,Rich deserve more,No,Classism,Biased,Synthetic
4491,Lower class lacks ambition,No,Classism,Biased,Synthetic
4492,Lower class lacks ambition,No,Classism,Biased,Synthetic
4493,Lower class lacks ambition,No,Classism,Biased,Synthetic
4494,Poor people are lazy,No,Classism,Biased,Synthetic
4495,Rich deserve more,No,Classism,Biased,Synthetic
4496,Rich deserve more,No,Classism,Biased,Synthetic
4497,Poor people are lazy,No,Classism,Biased,Synthetic
4498,Rich deserve more,No,Classism,Biased,Synthetic
4499,Lower class lacks ambition,No,Classism,Biased,Synthetic
4500,Rich deserve more,No,Classism,Biased,Synthetic
4501,Poor people are lazy,No,Classism,Biased,Synthetic
4502,Lower class lacks ambition,No,Classism,Biased,Synthetic
4503,Poor people are lazy,No,Classism,Biased,Synthetic
4504,Rich deserve more,No,Classism,Biased,Synthetic
4505,Poor people are lazy,No,Classism,Biased,Synthetic
4506,Lower class lacks ambition,No,Classism,Biased,Synthetic
4507,Lower class lacks ambition,No,Classism,Biased,Synthetic
4508,Rich deserve more,No,Classism,Biased,Synthetic
4509,Rich deserve more,No,Classism,Biased,Synthetic
4510,Rich deserve more,No,Classism,Biased,Synthetic
4511,Lower class lacks ambition,No,Classism,Biased,Synthetic
4512,Poor people are lazy,No,Classism,Biased,Synthetic
4513,Lower class lacks ambition,No,Classism,Biased,Synthetic
4514,Poor people are lazy,No,Classism,Biased,Synthetic
4515,Rich deserve more,No,Classism,Biased,Synthetic
4516,Rich deserve more,No,Classism,Biased,Synthetic
4517,Lower class lacks ambition,No,Classism,Biased,Synthetic
4518,Rich deserve more,No,Classism,Biased,Synthetic
4519,Poor people are lazy,No,Classism,Biased,Synthetic
4520,Rich deserve more,No,Classism,Biased,Synthetic
4521,Poor people are lazy,No,Classism,Biased,Synthetic
4522,Lower class lacks ambition,No,Classism,Biased,Synthetic
4523,Poor people are lazy,No,Classism,Biased,Synthetic
4524,Lower class lacks ambition,No,Classism,Biased,Synthetic
4525,Poor people are lazy,No,Classism,Biased,Synthetic
4526,Lower class lacks ambition,No,Classism,Biased,Synthetic
4527,Poor people are lazy,No,Classism,Biased,Synthetic
4528,Lower class lacks ambition,No,Classism,Biased,Synthetic
4529,Rich deserve more,No,Classism,Biased,Synthetic
4530,Lower class lacks ambition,No,Classism,Biased,Synthetic
4531,Poor people are lazy,No,Classism,Biased,Synthetic
4532,Poor people are lazy,No,Classism,Biased,Synthetic
4533,Rich deserve more,No,Classism,Biased,Synthetic
4534,Rich deserve more,No,Classism,Biased,Synthetic
4535,Rich deserve more,No,Classism,Biased,Synthetic
4536,Lower class lacks ambition,No,Classism,Biased,Synthetic
4537,Rich deserve more,No,Classism,Biased,Synthetic
4538,Rich deserve more,No,Classism,Biased,Synthetic
4539,Poor people are lazy,No,Classism,Biased,Synthetic
4540,Rich deserve more,No,Classism,Biased,Synthetic
4541,Rich deserve more,No,Classism,Biased,Synthetic
4542,Poor people are lazy,No,Classism,Biased,Synthetic
4543,Poor people are lazy,No,Classism,Biased,Synthetic
4544,Lower class lacks ambition,No,Classism,Biased,Synthetic
4545,Poor people are lazy,No,Classism,Biased,Synthetic
4546,Lower class lacks ambition,No,Classism,Biased,Synthetic
4547,Rich deserve more,No,Classism,Biased,Synthetic
4548,Lower class lacks ambition,No,Classism,Biased,Synthetic
4549,Rich deserve more,No,Classism,Biased,Synthetic
4550,Rich deserve more,No,Classism,Biased,Synthetic
4551,Everyone deserves equality,No,No Bias,Unbiased,Synthetic
4552,Hard work matters,No,No Bias,Unbiased,Synthetic
4553,Everyone deserves equality,No,No Bias,Unbiased,Synthetic
4554,Hard work matters,No,No Bias,Unbiased,Synthetic
4555,Education is important,No,No Bias,Unbiased,Synthetic
4556,Everyone deserves equality,No,No Bias,Unbiased,Synthetic
4557,Everyone deserves equality,No,No Bias,Unbiased,Synthetic
4558,Everyone deserves equality,No,No Bias,Unbiased,Synthetic
4559,Hard work matters,No,No Bias,Unbiased,Synthetic
4560,Hard work matters,No,No Bias,Unbiased,Synthetic
4561,Hard work matters,No,No Bias,Unbiased,Synthetic
4562,Everyone deserves equality,No,No Bias,Unbiased,Synthetic
4563,Hard work matters,No,No Bias,Unbiased,Synthetic
4564,Everyone deserves equality,No,No Bias,Unbiased,Synthetic
4565,Hard work matters,No,No Bias,Unbiased,Synthetic
4566,Education is important,No,No Bias,Unbiased,Synthetic
4567,Education is important,No,No Bias,Unbiased,Synthetic
4568,Education is important,No,No Bias,Unbiased,Synthetic
4569,Everyone deserves equality,No,No Bias,Unbiased,Synthetic
4570,Hard work matters,No,No Bias,Unbiased,Synthetic
4571,Education is important,No,No Bias,Unbiased,Synthetic
4572,Everyone deserves equality,No,No Bias,Unbiased,Synthetic
4573,Everyone deserves equality,No,No Bias,Unbiased,Synthetic
4574,Hard work matters,No,No Bias,Unbiased,Synthetic
4575,Education is important,No,No Bias,Unbiased,Synthetic
4576,Hard work matters,No,No Bias,Unbiased,Synthetic
4577,Education is important,No,No Bias,Unbiased,Synthetic
4578,Education is important,No,No Bias,Unbiased,Synthetic
4579,Hard work matters,No,No Bias,Unbiased,Synthetic
4580,Hard work matters,No,No Bias,Unbiased,Synthetic
4581,Hard work matters,No,No Bias,Unbiased,Synthetic
4582,Everyone deserves equality,No,No Bias,Unbiased,Synthetic
4583,Hard work matters,No,No Bias,Unbiased,Synthetic
4584,Everyone deserves equality,No,No Bias,Unbiased,Synthetic
4585,Education is important,No,No Bias,Unbiased,Synthetic
4586,Hard work matters,No,No Bias,Unbiased,Synthetic
4587,Everyone deserves equality,No,No Bias,Unbiased,Synthetic
4588,Hard work matters,No,No Bias,Unbiased,Synthetic
4589,Hard work matters,No,No Bias,Unbiased,Synthetic
4590,Everyone deserves equality,No,No Bias,Unbiased,Synthetic
4591,Everyone deserves equality,No,No Bias,Unbiased,Synthetic
4592,Hard work matters,No,No Bias,Unbiased,Synthetic
4593,Education is important,No,No Bias,Unbiased,Synthetic
4594,Education is important,No,No Bias,Unbiased,Synthetic
4595,Everyone deserves equality,No,No Bias,Unbiased,Synthetic
4596,Hard work matters,No,No Bias,Unbiased,Synthetic
4597,Hard work matters,No,No Bias,Unbiased,Synthetic
4598,Education is important,No,No Bias,Unbiased,Synthetic
4599,Hard work matters,No,No Bias,Unbiased,Synthetic
4600,Hard work matters,No,No Bias,Unbiased,Synthetic
4601,Hard work matters,No,No Bias,Unbiased,Synthetic
4602,Hard work matters,No,No Bias,Unbiased,Synthetic
4603,Everyone deserves equality,No,No Bias,Unbiased,Synthetic
4604,Everyone deserves equality,No,No Bias,Unbiased,Synthetic
4605,Education is important,No,No Bias,Unbiased,Synthetic
4606,Everyone deserves equality,No,No Bias,Unbiased,Synthetic
4607,Hard work matters,No,No Bias,Unbiased,Synthetic
4608,Education is important,No,No Bias,Unbiased,Synthetic
4609,Education is important,No,No Bias,Unbiased,Synthetic
4610,Education is important,No,No Bias,Unbiased,Synthetic
4611,Hard work matters,No,No Bias,Unbiased,Synthetic
4612,Everyone deserves equality,No,No Bias,Unbiased,Synthetic
4613,Hard work matters,No,No Bias,Unbiased,Synthetic
4614,Education is important,No,No Bias,Unbiased,Synthetic
4615,Education is important,No,No Bias,Unbiased,Synthetic
4616,Education is important,No,No Bias,Unbiased,Synthetic
4617,Everyone deserves equality,No,No Bias,Unbiased,Synthetic
4618,Education is important,No,No Bias,Unbiased,Synthetic
4619,Education is important,No,No Bias,Unbiased,Synthetic
4620,Everyone deserves equality,No,No Bias,Unbiased,Synthetic
4621,Everyone deserves equality,No,No Bias,Unbiased,Synthetic
4622,Hard work matters,No,No Bias,Unbiased,Synthetic
4623,Hard work matters,No,No Bias,Unbiased,Synthetic
4624,Everyone deserves equality,No,No Bias,Unbiased,Synthetic
4625,Hard work matters,No,No Bias,Unbiased,Synthetic
4626,Hard work matters,No,No Bias,Unbiased,Synthetic
4627,Everyone deserves equality,No,No Bias,Unbiased,Synthetic
4628,Hard work matters,No,No Bias,Unbiased,Synthetic
4629,Education is important,No,No Bias,Unbiased,Synthetic
4630,Everyone deserves equality,No,No Bias,Unbiased,Synthetic
4631,Hard work matters,No,No Bias,Unbiased,Synthetic
4632,Hard work matters,No,No Bias,Unbiased,Synthetic
4633,Education is important,No,No Bias,Unbiased,Synthetic
4634,Hard work matters,No,No Bias,Unbiased,Synthetic
4635,Hard work matters,No,No Bias,Unbiased,Synthetic
4636,Everyone deserves equality,No,No Bias,Unbiased,Synthetic
4637,Everyone deserves equality,No,No Bias,Unbiased,Synthetic
4638,Everyone deserves equality,No,No Bias,Unbiased,Synthetic
4639,Everyone deserves equality,No,No Bias,Unbiased,Synthetic
4640,Everyone deserves equality,No,No Bias,Unbiased,Synthetic
4641,Everyone deserves equality,No,No Bias,Unbiased,Synthetic
4642,Education is important,No,No Bias,Unbiased,Synthetic
4643,Everyone deserves equality,No,No Bias,Unbiased,Synthetic
4644,Hard work matters,No,No Bias,Unbiased,Synthetic
4645,Hard work matters,No,No Bias,Unbiased,Synthetic
4646,Hard work matters,No,No Bias,Unbiased,Synthetic
4647,Everyone deserves equality,No,No Bias,Unbiased,Synthetic
4648,Everyone deserves equality,No,No Bias,Unbiased,Synthetic
4649,Education is important,No,No Bias,Unbiased,Synthetic
4650,Hard work matters,No,No Bias,Unbiased,Synthetic
4651,Education is important,No,No Bias,Unbiased,Synthetic
4652,Everyone deserves equality,No,No Bias,Unbiased,Synthetic
4653,Hard work matters,No,No Bias,Unbiased,Synthetic
4654,Education is important,No,No Bias,Unbiased,Synthetic
4655,Education is important,No,No Bias,Unbiased,Synthetic
4656,Hard work matters,No,No Bias,Unbiased,Synthetic
4657,Education is important,No,No Bias,Unbiased,Synthetic
4658,Hard work matters,No,No Bias,Unbiased,Synthetic
4659,Hard work matters,No,No Bias,Unbiased,Synthetic
4660,Everyone deserves equality,No,No Bias,Unbiased,Synthetic
4661,Hard work matters,No,No Bias,Unbiased,Synthetic
4662,Hard work matters,No,No Bias,Unbiased,Synthetic
4663,Education is important,No,No Bias,Unbiased,Synthetic
4664,Hard work matters,No,No Bias,Unbiased,Synthetic
4665,Everyone deserves equality,No,No Bias,Unbiased,Synthetic
4666,Everyone deserves equality,No,No Bias,Unbiased,Synthetic
4667,Hard work matters,No,No Bias,Unbiased,Synthetic
4668,Everyone deserves equality,No,No Bias,Unbiased,Synthetic
4669,Hard work matters,No,No Bias,Unbiased,Synthetic
4670,Hard work matters,No,No Bias,Unbiased,Synthetic
4671,Hard work matters,No,No Bias,Unbiased,Synthetic
4672,Hard work matters,No,No Bias,Unbiased,Synthetic
4673,Hard work matters,No,No Bias,Unbiased,Synthetic
4674,Education is important,No,No Bias,Unbiased,Synthetic
4675,Education is important,No,No Bias,Unbiased,Synthetic
4676,Hard work matters,No,No Bias,Unbiased,Synthetic
4677,Education is important,No,No Bias,Unbiased,Synthetic
4678,Hard work matters,No,No Bias,Unbiased,Synthetic
4679,Hard work matters,No,No Bias,Unbiased,Synthetic
4680,Hard work matters,No,No Bias,Unbiased,Synthetic
4681,Education is important,No,No Bias,Unbiased,Synthetic
4682,Hard work matters,No,No Bias,Unbiased,Synthetic
4683,Hard work matters,No,No Bias,Unbiased,Synthetic
4684,Hard work matters,No,No Bias,Unbiased,Synthetic
4685,Everyone deserves equality,No,No Bias,Unbiased,Synthetic
4686,Everyone deserves equality,No,No Bias,Unbiased,Synthetic
4687,Hard work matters,No,No Bias,Unbiased,Synthetic
4688,Education is important,No,No Bias,Unbiased,Synthetic
4689,Hard work matters,No,No Bias,Unbiased,Synthetic
4690,Education is important,No,No Bias,Unbiased,Synthetic
4691,Education is important,No,No Bias,Unbiased,Synthetic
4692,Hard work matters,No,No Bias,Unbiased,Synthetic
4693,Hard work matters,No,No Bias,Unbiased,Synthetic
4694,Hard work matters,No,No Bias,Unbiased,Synthetic
4695,Hard work matters,No,No Bias,Unbiased,Synthetic
4696,Hard work matters,No,No Bias,Unbiased,Synthetic
4697,Hard work matters,No,No Bias,Unbiased,Synthetic
4698,Everyone deserves equality,No,No Bias,Unbiased,Synthetic
4699,Hard work matters,No,No Bias,Unbiased,Synthetic
4700,Education is important,No,No Bias,Unbiased,Synthetic
4701,Education is important,No,No Bias,Unbiased,Synthetic
4702,Everyone deserves equality,No,No Bias,Unbiased,Synthetic
4703,Everyone deserves equality,No,No Bias,Unbiased,Synthetic
4704,Education is important,No,No Bias,Unbiased,Synthetic
4705,Hard work matters,No,No Bias,Unbiased,Synthetic
4706,Education is important,No,No Bias,Unbiased,Synthetic
4707,Hard work matters,No,No Bias,Unbiased,Synthetic
4708,Hard work matters,No,No Bias,Unbiased,Synthetic
4709,Everyone deserves equality,No,No Bias,Unbiased,Synthetic
4710,Everyone deserves equality,No,No Bias,Unbiased,Synthetic
4711,Education is important,No,No Bias,Unbiased,Synthetic
4712,Education is important,No,No Bias,Unbiased,Synthetic
4713,Everyone deserves equality,No,No Bias,Unbiased,Synthetic
4714,Everyone deserves equality,No,No Bias,Unbiased,Synthetic
4715,Education is important,No,No Bias,Unbiased,Synthetic
4716,Hard work matters,No,No Bias,Unbiased,Synthetic
4717,Everyone deserves equality,No,No Bias,Unbiased,Synthetic
4718,Hard work matters,No,No Bias,Unbiased,Synthetic
4719,Hard work matters,No,No Bias,Unbiased,Synthetic
4720,Everyone deserves equality,No,No Bias,Unbiased,Synthetic
4721,Hard work matters,No,No Bias,Unbiased,Synthetic
4722,Education is important,No,No Bias,Unbiased,Synthetic
4723,Education is important,No,No Bias,Unbiased,Synthetic
4724,Hard work matters,No,No Bias,Unbiased,Synthetic
4725,Education is important,No,No Bias,Unbiased,Synthetic
4726,Hard work matters,No,No Bias,Unbiased,Synthetic
4727,Everyone deserves equality,No,No Bias,Unbiased,Synthetic
4728,Everyone deserves equality,No,No Bias,Unbiased,Synthetic
4729,Everyone deserves equality,No,No Bias,Unbiased,Synthetic
4730,Hard work matters,No,No Bias,Unbiased,Synthetic
4731,Everyone deserves equality,No,No Bias,Unbiased,Synthetic
4732,Everyone deserves equality,No,No Bias,Unbiased,Synthetic
4733,Education is important,No,No Bias,Unbiased,Synthetic
4734,Hard work matters,No,No Bias,Unbiased,Synthetic
4735,Education is important,No,No Bias,Unbiased,Synthetic
4736,Hard work matters,No,No Bias,Unbiased,Synthetic
4737,Hard work matters,No,No Bias,Unbiased,Synthetic
4738,Everyone deserves equality,No,No Bias,Unbiased,Synthetic
4739,Hard work matters,No,No Bias,Unbiased,Synthetic
4740,Education is important,No,No Bias,Unbiased,Synthetic
4741,Hard work matters,No,No Bias,Unbiased,Synthetic
4742,Education is important,No,No Bias,Unbiased,Synthetic
4743,Education is important,No,No Bias,Unbiased,Synthetic
4744,Hard work matters,No,No Bias,Unbiased,Synthetic
4745,Everyone deserves equality,No,No Bias,Unbiased,Synthetic
4746,Education is important,No,No Bias,Unbiased,Synthetic
4747,Education is important,No,No Bias,Unbiased,Synthetic
4748,Hard work matters,No,No Bias,Unbiased,Synthetic
4749,Everyone deserves equality,No,No Bias,Unbiased,Synthetic
4750,Hard work matters,No,No Bias,Unbiased,Synthetic
4751,Education is important,No,No Bias,Unbiased,Synthetic
4752,Hard work matters,No,No Bias,Unbiased,Synthetic
4753,Education is important,No,No Bias,Unbiased,Synthetic
4754,Everyone deserves equality,No,No Bias,Unbiased,Synthetic
4755,Hard work matters,No,No Bias,Unbiased,Synthetic
4756,Everyone deserves equality,No,No Bias,Unbiased,Synthetic
4757,Education is important,No,No Bias,Unbiased,Synthetic
4758,Hard work matters,No,No Bias,Unbiased,Synthetic
4759,Hard work matters,No,No Bias,Unbiased,Synthetic
4760,Everyone deserves equality,No,No Bias,Unbiased,Synthetic
4761,Education is important,No,No Bias,Unbiased,Synthetic
4762,Hard work matters,No,No Bias,Unbiased,Synthetic
4763,Everyone deserves equality,No,No Bias,Unbiased,Synthetic
4764,Everyone deserves equality,No,No Bias,Unbiased,Synthetic
4765,Hard work matters,No,No Bias,Unbiased,Synthetic
4766,Education is important,No,No Bias,Unbiased,Synthetic
4767,Everyone deserves equality,No,No Bias,Unbiased,Synthetic
4768,Everyone deserves equality,No,No Bias,Unbiased,Synthetic
4769,Everyone deserves equality,No,No Bias,Unbiased,Synthetic
4770,Hard work matters,No,No Bias,Unbiased,Synthetic
4771,Education is important,No,No Bias,Unbiased,Synthetic
4772,Education is important,No,No Bias,Unbiased,Synthetic
4773,Everyone deserves equality,No,No Bias,Unbiased,Synthetic
4774,Education is important,No,No Bias,Unbiased,Synthetic
4775,Education is important,No,No Bias,Unbiased,Synthetic
4776,Everyone deserves equality,No,No Bias,Unbiased,Synthetic
4777,Hard work matters,No,No Bias,Unbiased,Synthetic
4778,Hard work matters,No,No Bias,Unbiased,Synthetic
4779,Education is important,No,No Bias,Unbiased,Synthetic
4780,Everyone deserves equality,No,No Bias,Unbiased,Synthetic
4781,Everyone deserves equality,No,No Bias,Unbiased,Synthetic
4782,Education is important,No,No Bias,Unbiased,Synthetic
4783,Education is important,No,No Bias,Unbiased,Synthetic
4784,Hard work matters,No,No Bias,Unbiased,Synthetic
4785,Everyone deserves equality,No,No Bias,Unbiased,Synthetic
4786,Hard work matters,No,No Bias,Unbiased,Synthetic
4787,Hard work matters,No,No Bias,Unbiased,Synthetic
4788,Everyone deserves equality,No,No Bias,Unbiased,Synthetic
4789,Education is important,No,No Bias,Unbiased,Synthetic
4790,Education is important,No,No Bias,Unbiased,Synthetic
4791,Everyone deserves equality,No,No Bias,Unbiased,Synthetic
4792,Everyone deserves equality,No,No Bias,Unbiased,Synthetic
4793,Hard work matters,No,No Bias,Unbiased,Synthetic
4794,Hard work matters,No,No Bias,Unbiased,Synthetic
4795,Education is important,No,No Bias,Unbiased,Synthetic
4796,Hard work matters,No,No Bias,Unbiased,Synthetic
4797,Everyone deserves equality,No,No Bias,Unbiased,Synthetic
4798,Education is important,No,No Bias,Unbiased,Synthetic
4799,Everyone deserves equality,No,No Bias,Unbiased,Synthetic
4800,Hard work matters,No,No Bias,Unbiased,Synthetic
4801,Education is important,No,No Bias,Unbiased,Synthetic
4802,Education is important,No,No Bias,Unbiased,Synthetic
4803,Education is important,No,No Bias,Unbiased,Synthetic
4804,Everyone deserves equality,No,No Bias,Unbiased,Synthetic
4805,Everyone deserves equality,No,No Bias,Unbiased,Synthetic
4806,Hard work matters,No,No Bias,Unbiased,Synthetic
4807,Everyone deserves equality,No,No Bias,Unbiased,Synthetic
4808,Hard work matters,No,No Bias,Unbiased,Synthetic
4809,Education is important,No,No Bias,Unbiased,Synthetic
4810,Education is important,No,No Bias,Unbiased,Synthetic
4811,Hard work matters,No,No Bias,Unbiased,Synthetic
4812,Everyone deserves equality,No,No Bias,Unbiased,Synthetic
4813,Hard work matters,No,No Bias,Unbiased,Synthetic
4814,Hard work matters,No,No Bias,Unbiased,Synthetic
4815,Everyone deserves equality,No,No Bias,Unbiased,Synthetic
4816,Hard work matters,No,No Bias,Unbiased,Synthetic
4817,Education is important,No,No Bias,Unbiased,Synthetic
4818,Everyone deserves equality,No,No Bias,Unbiased,Synthetic
4819,Education is important,No,No Bias,Unbiased,Synthetic
4820,Education is important,No,No Bias,Unbiased,Synthetic
4821,Education is important,No,No Bias,Unbiased,Synthetic
4822,Education is important,No,No Bias,Unbiased,Synthetic
4823,Hard work matters,No,No Bias,Unbiased,Synthetic
4824,Everyone deserves equality,No,No Bias,Unbiased,Synthetic
4825,Education is important,No,No Bias,Unbiased,Synthetic
4826,Everyone deserves equality,No,No Bias,Unbiased,Synthetic
4827,Everyone deserves equality,No,No Bias,Unbiased,Synthetic
4828,Everyone deserves equality,No,No Bias,Unbiased,Synthetic
4829,Everyone deserves equality,No,No Bias,Unbiased,Synthetic
4830,Education is important,No,No Bias,Unbiased,Synthetic
4831,Hard work matters,No,No Bias,Unbiased,Synthetic
4832,Education is important,No,No Bias,Unbiased,Synthetic
4833,Everyone deserves equality,No,No Bias,Unbiased,Synthetic
4834,Education is important,No,No Bias,Unbiased,Synthetic
4835,Everyone deserves equality,No,No Bias,Unbiased,Synthetic
4836,Hard work matters,No,No Bias,Unbiased,Synthetic
4837,Education is important,No,No Bias,Unbiased,Synthetic
4838,Everyone deserves equality,No,No Bias,Unbiased,Synthetic
4839,Education is important,No,No Bias,Unbiased,Synthetic
4840,Hard work matters,No,No Bias,Unbiased,Synthetic
4841,Everyone deserves equality,No,No Bias,Unbiased,Synthetic
4842,Hard work matters,No,No Bias,Unbiased,Synthetic
4843,Education is important,No,No Bias,Unbiased,Synthetic
4844,Education is important,No,No Bias,Unbiased,Synthetic
4845,Hard work matters,No,No Bias,Unbiased,Synthetic
4846,Hard work matters,No,No Bias,Unbiased,Synthetic
4847,Hard work matters,No,No Bias,Unbiased,Synthetic
4848,Education is important,No,No Bias,Unbiased,Synthetic
4849,Hard work matters,No,No Bias,Unbiased,Synthetic
4850,Hard work matters,No,No Bias,Unbiased,Synthetic
4851,Everyone deserves equality,No,No Bias,Unbiased,Synthetic
4852,Hard work matters,No,No Bias,Unbiased,Synthetic
4853,Hard work matters,No,No Bias,Unbiased,Synthetic
4854,Education is important,No,No Bias,Unbiased,Synthetic
4855,Education is important,No,No Bias,Unbiased,Synthetic
4856,Hard work matters,No,No Bias,Unbiased,Synthetic
4857,Everyone deserves equality,No,No Bias,Unbiased,Synthetic
4858,Education is important,No,No Bias,Unbiased,Synthetic
4859,Hard work matters,No,No Bias,Unbiased,Synthetic
4860,Hard work matters,No,No Bias,Unbiased,Synthetic
4861,Everyone deserves equality,No,No Bias,Unbiased,Synthetic
4862,Education is important,No,No Bias,Unbiased,Synthetic
4863,Hard work matters,No,No Bias,Unbiased,Synthetic
4864,Education is important,No,No Bias,Unbiased,Synthetic
4865,Everyone deserves equality,No,No Bias,Unbiased,Synthetic
4866,Education is important,No,No Bias,Unbiased,Synthetic
4867,Everyone deserves equality,No,No Bias,Unbiased,Synthetic
4868,Everyone deserves equality,No,No Bias,Unbiased,Synthetic
4869,Hard work matters,No,No Bias,Unbiased,Synthetic
4870,Hard work matters,No,No Bias,Unbiased,Synthetic
4871,Education is important,No,No Bias,Unbiased,Synthetic
4872,Everyone deserves equality,No,No Bias,Unbiased,Synthetic
4873,Education is important,No,No Bias,Unbiased,Synthetic
4874,Hard work matters,No,No Bias,Unbiased,Synthetic
4875,Hard work matters,No,No Bias,Unbiased,Synthetic
4876,Hard work matters,No,No Bias,Unbiased,Synthetic
4877,Education is important,No,No Bias,Unbiased,Synthetic
4878,Hard work matters,No,No Bias,Unbiased,Synthetic
4879,Education is important,No,No Bias,Unbiased,Synthetic
4880,Hard work matters,No,No Bias,Unbiased,Synthetic
4881,Education is important,No,No Bias,Unbiased,Synthetic
4882,Education is important,No,No Bias,Unbiased,Synthetic
4883,Everyone deserves equality,No,No Bias,Unbiased,Synthetic
4884,Education is important,No,No Bias,Unbiased,Synthetic
4885,Education is important,No,No Bias,Unbiased,Synthetic
4886,Education is important,No,No Bias,Unbiased,Synthetic
4887,Education is important,No,No Bias,Unbiased,Synthetic
4888,Hard work matters,No,No Bias,Unbiased,Synthetic
4889,Education is important,No,No Bias,Unbiased,Synthetic
4890,Hard work matters,No,No Bias,Unbiased,Synthetic
4891,Everyone deserves equality,No,No Bias,Unbiased,Synthetic
4892,Education is important,No,No Bias,Unbiased,Synthetic
4893,Hard work matters,No,No Bias,Unbiased,Synthetic
4894,Hard work matters,No,No Bias,Unbiased,Synthetic
4895,Education is important,No,No Bias,Unbiased,Synthetic
4896,Hard work matters,No,No Bias,Unbiased,Synthetic
4897,Everyone deserves equality,No,No Bias,Unbiased,Synthetic
4898,Everyone deserves equality,No,No Bias,Unbiased,Synthetic
4899,Everyone deserves equality,No,No Bias,Unbiased,Synthetic
4900,Education is important,No,No Bias,Unbiased,Synthetic
